EnhetNavn;Kommune;Engelsk;Lesing;Regning;lat;lng
Arendal International School (Ais);Arendal;*;*;*;;
Asdal skole;Arendal;;;;;
Birkenlund skole;Arendal;;;;;
Hisøy skole 1-10 Skoler;Arendal;;;56;;
Moltemyr skole;Arendal;;*;47;;
Nedenes skole;Arendal;;;;;
Roligheden skole Barne-/Ungdomstrinnet;Arendal;;*;;;
St. Franciskus skole;Arendal;49;47;48;;
Stiftelsen steinerskolen i Arendal;Arendal;*;*;*;;
Stinta skole barne- og Ungdomstrinnet;Arendal;;;49;;
Stuenes skole barne- og Ungdomstrinn;Arendal;48;;47;;
Engesland skole;Birkenes;*;*;*;;
Valstrand skole;Birkenes;*;*;*;;
Bygland skule;Bygland;54;53;51;;
Bykle barne- og ungdomsskule;Bykle;54;*;*;;
Evje ungdomsskule;Evje og Hornnes;48;48;50;;
Farsund ungdomsskole;Farsund;47;49;51;;
Lista ungdomsskole;Farsund;49;50;50;;
Flekkefjord ungdomsskole;Flekkefjord;48;50;52;;
Froland ungdomsskole;Froland;49;49;49;;
Abel skole;Gjerstad;46;46;46;;
Drottningborg ungdomsskole AS;Grimstad;50;49;51;;
Fevik skole;Grimstad;48;50;50;;
Grimstad ungdomsskole;Grimstad;49;49;50;;
Holviga ungdomsskole;Grimstad;50;50;53;;
Iveland skole;Iveland;51;51;50;;
Finsland skole;Kristiansand;*;*;*;;
Fiskå skole;Kristiansand;50;49;48;;
Grim skole;Kristiansand;49;47;48;;
Haumyrheia skole;Kristiansand;50;50;50;;
Havlimyra skole;Kristiansand;49;48;51;;
Holte skole;Kristiansand;49;51;52;;
Karuss skole;Kristiansand;47;47;48;;
Krossen skole - Kompetanse;Kristiansand;*;*;*;;
Lindebøskauen skole;Kristiansand;48;50;52;;
Møvig skole;Kristiansand;49;49;49;;
Oasen skole Birkelid AS;Kristiansand;46;50;*;;
Oasen skole Strømme AS grunnskole;Kristiansand;51;49;51;;
Oasen skole Vågsbygd AS;Kristiansand;*;*;45;;
Oddemarka skole;Kristiansand;49;49;51;;
Samfundets skole Sentrum;Kristiansand;51;56;59;;
Songdalen skole;Kristiansand;48;48;46;;
Stiftelsen steinerskolen i Kristiansand;Kristiansand;*;*;*;;
Tangvall skole;Kristiansand;51;51;52;;
Tinntjønn skole;Kristiansand;46;49;47;;
Torridal skole;Kristiansand;49;46;50;;
Ve skole;Kristiansand;49;49;47;;
Vigvoll skole;Kristiansand;49;50;48;;
Kvinesdal ungdomsskole;Kvinesdal;*;*;*;;
Kvinlog skule;Kvinesdal;*;*;*;;
Lillesand kommune - Høvåg skole;Lillesand;49;50;51;;
Lillesand kommune - Lillesand ungdomsskole;Lillesand;49;50;49;;
Blomdalen ungdomsskole;Lindesnes;51;52;51;;
Oasen skole Mandal AS;Lindesnes;*;*;*;;
Vassmyra ungdomsskole;Lindesnes;47;48;50;;
Vigeland ungdomsskole;Lindesnes;*;*;*;;
Øyslebø skole;Lindesnes;*;*;*;;
Byremo ungdomsskole;Lyngdal;48;48;49;;
Lyngdal ungdomsskole;Lyngdal;47;46;47;;
Stiftelsen Lyngdal Kristne grunnskole;Lyngdal;48;50;50;;
Risør ungdomsskole;Risør;46;50;49;;
Sinnes skule;Sirdal;*;*;*;;
Tonstad skule;Sirdal;*;*;*;;
Lyngmyr skole;Tvedestrand;49;49;49;;
Valle skule;Valle;52;52;50;;
Vegårshei skule;Vegårshei;46;50;51;;
Oasen skole Vennesla AS;Vennesla;*;*;*;;
Skarpengland skole;Vennesla;*;*;*;;
Vennesla ungdomsskole;Vennesla;*;*;*;;
Åmli skule;Åmli;49;48;49;;
Åseral barne- og ungdomsskule;Åseral;*;*;*;;
Alvdal ungdomsskole;Alvdal;47;46;47;;
Dovre ungdomsskole;Dovre;45;46;45;;
Eidskog ungdomsskole;Eidskog;47;49;47;;
Elverum ungdomsskole;Elverum;49;50;50;;
Engerdal barne- og ungdomsskole;Engerdal;*;*;*;;
Etnedal skule;Etnedal;51;54;52;;
Folldal skole;Folldal;45;50;47;;
Gausdal ungdomsskole;Gausdal;47;48;48;;
Biri ungdomsskole;Gjøvik;;;;;
Bjørnsveen ungdomsskole;Gjøvik;;;;;
Kopperud skole;Gjøvik;*;;;;
Snertingdal skole;Gjøvik;*;42;45;;
Steinerskolen Gjøvik-Toten;Gjøvik;*;41;43;;
Vardal ungdomsskole;Gjøvik;;49;;;
Bjoneroa skole;Gran;*;*;*;;
Brandbu ungdomsskole;Gran;50;50;50;;
Gran ungdomsskole;Gran;*;*;*;;
Grue barne- og ungdomsskole;Grue;46;49;46;;
Ajer ungdomsskole;Hamar;51;51;51;;
Børstad ungdomsskole;Hamar;51;51;51;;
Ener ungdomsskole;Hamar;53;53;52;;
Hamar Montessori skole Sti;Hamar;44;37;39;;
Wang Hamar AS;Hamar;48;50;50;;
Austmarka barne- og ungdomsskole;Kongsvinger;*;*;*;;
Kongsvinger ungdomsskole;Kongsvinger;*;*;*;;
Norges Toppidrettsgymnas ungdomsskole Kongsvinger AS;Kongsvinger;52;56;56;;
Lesja skule;Lesja;*;*;*;;
Lesjaskog skule;Lesja;*;*;*;;
Engesvea barne- og ungdomsskole;Lillehammer;*;*;*;;
Hammartun skole;Lillehammer;52;53;51;;
Norges Toppidrettsgymnas ungdomsskole Lillehammer AS;Lillehammer;52;54;55;;
Smestad ungdomsskole;Lillehammer;51;52;51;;
Stiftelsen Lillehammer steinerskole;Lillehammer;*;*;*;;
Åretta ungdomsskole;Lillehammer;50;51;51;;
Lom ungdomsskule;Lom;52;52;51;;
Hedemarken friskole;Løten;52;*;54;;
Løten ungdomsskole;Løten;48;*;47;;
Nord-Aurdal ungdomsskole;Nord-Aurdal;*;*;*;;
Valdres montessoriskule SA;Nord-Aurdal;*;*;*;;
Vinstra ungdomsskole;Nord-Fron;45;47;47;;
Nord-Odal ungdomsskole;Nord-Odal;46;48;48;;
Nordre Land kommune 0-24 Torpa barne- og ungdomsskole;Nordre Land;47;53;51;;
Nordre Land kommune Dokka barne- og ungdomsskole;Nordre Land;48;48;46;;
Os skole;Os;50;48;49;;
Fagertun skole;Rendalen;43;50;48;;
Ringebu ungdomsskole;Ringebu;48;49;50;;
Brumunddal ungdomsskole;Ringsaker;47;47;46;;
Brøttum barne- og ungdomsskole;Ringsaker;51;51;50;;
Furnes ungdomsskole;Ringsaker;49;50;48;;
Moelv ungdomsskole;Ringsaker;44;46;46;;
Nes ungdomsskole;Ringsaker;50;52;49;;
Heidal skule;Sel;*;*;*;;
Otta ungdomsskole;Sel;*;*;*;;
Skjåk barne- og ungdomsskule;Skjåk;50;49;47;;
Ottestad ungdomsskole;Stange;52;52;*;;
Romedal ungdomsskole;Stange;48;49;*;;
Stange ungdomsskole;Stange;51;51;*;;
Steinerskolen på Hedemarken avd grunnskolen Ottestad;Stange;47;55;*;;
Stor-Elvdal ungdomsskole;Stor-Elvdal;46;50;52;;
Søndre Land ungdomsskole;Søndre Land;46;47;47;;
Hedalen barne- og ungdomsskole;Sør-Aurdal;*;*;*;;
Sør-Aurdal ungdomsskole;Sør-Aurdal;*;*;*;;
Sør-Fron ungdomsskule;Sør-Fron;47;50;51;;
Glommasvingen skole;Sør-Odal;49;49;48;;
Tolga skole;Tolga;47;52;52;;
Trysil ungdomsskole;Trysil;50;51;48;;
Kvikne skole;Tynset;48;48;50;;
Tynset ungdomsskole;Tynset;49;53;51;;
Vang barne- og ungdomsskule;Vang;48;50;50;;
Vestre Slidre skule;Vestre Slidre;51;50;51;;
Vestre Toten ungdomsskole;Vestre Toten;47;47;46;;
Vågå ungdomsskule;Vågå;49;51;51;;
Våler barne- og ungdomsskole;Våler (Innlandet);44;49;47;;
Lena ungdomsskole;Østre Toten;48;48;49;;
Skreia ungdomsskole;Østre Toten;49;50;49;;
Øyer ungdomsskole;Øyer;52;48;49;;
Øystre Slidre ungdomsskule;Øystre Slidre;47;49;47;;
Åmot ungdomsskole;Åmot;46;47;49;;
Åsnes ungdomsskole;Åsnes;49;50;51;;
Gossen barne- og ungdomsskole avd skole;Aukra;52;51;50;;
Julsundet skole;Aukra;50;51;50;;
Aure barne- og ungdomsskole;Aure;*;*;*;;
Tustna barne- og ungdomsskole;Aure;*;*;*;;
Averøy ungdomsskole;Averøy;51;51;50;;
Eidsdal skule;Fjord;*;*;*;;
Stordal skule;Fjord;*;*;*;;
Valldal skule;Fjord;47;51;49;;
Giske ungdomsskule;Giske;52;52;51;;
Batnfjord skule;Gjemnes;49;52;50;;
Hareid ungdomsskule;Hareid;48;47;49;;
Herøy ungdomsskule;Herøy (Møre og Romsdal);49;49;48;;
Møre barne- og ungdomsskule;Herøy (Møre og Romsdal);48;49;50;;
Stokksund barne- og ungdomsskule;Herøy (Møre og Romsdal);50;51;53;;
Bud skule;Hustadvika;*;*;*;;
Eide ungdomsskole;Hustadvika;48;*;47;;
Fræna ungdomsskule;Hustadvika;48;47;*;;
Hustad skole;Hustadvika;*;49;50;;
Atlanten ungdomsskole;Kristiansund;51;48;49;;
Frei ungdomsskole;Kristiansund;51;50;52;;
Nordlandet ungdomsskole;Kristiansund;50;50;49;;
Bekkevoll ungdomsskole;Molde;;;;;
Bergmo ungdomsskole;Molde;49;49;52;;
Eidsvåg barne- og ungdomsskole;Molde;51;50;49;;
Eresfjord barne- og ungdomsskule;Molde;*;*;*;;
Midsund skule;Molde;49;48;51;;
Molde friskole;Molde;54;55;*;;
Sekken oppvekstsenter skole;Molde;*;*;*;;
Skjevik barne- og ungdomsskole;Molde;48;46;44;;
Tøndergård skole og ressurssenter;Molde;*;*;*;;
Vågsetra barne- og ungdomsskole;Molde;;50;50;;
Måndalen barne- og ungdomsskule;Rauma;*;*;*;;
Åfarnes barne- og ungdomsskole;Rauma;*;*;*;;
Åndalsnes ungdomsskole;Rauma;49;50;51;;
Gursken oppvekstsenter avd skule;Sande;*;*;*;;
Kvamsøy barne- og ungdomsskule;Sande;*;*;*;;
Smøla ungdomsskole;Smøla;49;51;49;;
Geiranger skule;Stranda;*;*;*;;
Stranda ungdomsskule;Stranda;*;*;*;;
Sunnylven skule;Stranda;*;*;*;;
Sula ungdomsskule;Sula;49;50;52;;
Sunndal ungdomsskole;Sunndal;47;47;48;;
Surnadal barne- og ungdomsskule;Surnadal;49;46;48;;
Sykkylven ungdomsskule;Sykkylven;47;48;48;;
Straumsnes barne- og ungdomsskole;Tingvoll;53;53;53;;
Tingvoll barne- og ungdomsskole;Tingvoll;49;50;46;;
Ulstein ungdomsskule;Ulstein;50;49;53;;
Myklebust skule;Vanylven;*;*;*;;
Åheim skule;Vanylven;*;*;*;;
Helland ungdomsskule;Vestnes;42;41;42;;
Tomrefjord skule;Vestnes;46;47;48;;
Dalsfjord skule;Volda;*;*;*;;
Folkestad skule;Volda;*;*;*;;
Hornindal skule;Volda;51;50;47;;
Volda ungdomsskule;Volda;51;52;51;;
Sæbø skule;Ørsta;*;*;*;;
Vartdal skule;Ørsta;48;43;*;;
Ørsta ungdomsskule;Ørsta;*;*;50;;
Ålesund;Ålesund (2020 - 2023);49;48;49;;
Blindheim ungdomsskole;Ålesund (2020 - 2023);49;48;49;;
Brattvåg ungdomsskule;Ålesund (2020 - 2023);49;47;47;;
Ellingsøy barne- og ungdomsskole;Ålesund (2020 - 2023);48;47;48;;
Haramsøy barne- og ungdomsskule;Ålesund (2020 - 2023);46;45;46;;
Harøy skule;Ålesund (2020 - 2023);51;51;48;;
Hatlane skole;Ålesund (2020 - 2023);;;;;
Hildre montessoriskule SA;Ålesund (2020 - 2023);*;*;*;;
Kolvikbakken ungdomsskole;Ålesund (2020 - 2023);51;51;51;;
Møre barne- og ungdomsskule Skodje AS;Ålesund (2020 - 2023);*;*;*;;
Skarbøvik ungdomsskole;Ålesund (2020 - 2023);48;46;47;;
Skodje barne- og ungdomsskole avd ungdomsskole;Ålesund (2020 - 2023);47;49;48;;
Spjelkavik ungdomsskole;Ålesund (2020 - 2023);47;47;47;;
Steinerskolen Ålesund;Ålesund (2020 - 2023);*;*;*;;
Stiftelsen Møre barne- og Ungdomsskule, Ålesund;Ålesund (2020 - 2023);51;53;52;;
Vatne ungdomsskule;Ålesund (2020 - 2023);49;46;49;;
Ørskog skule;Ålesund (2020 - 2023);52;52;56;;
Aalesund International School Sti;Ålesund (2020 - 2023);*;*;*;;
Sandnessjøen ungdomsskole;Alstahaug;46;48;45;;
Søvik oppvekstsenter avd skole;Alstahaug;*;*;*;;
Tjøtta oppvekstsenter avd skole;Alstahaug;*;*;*;;
Andenes skole;Andøy;50;49;50;;
Risøyhamn skole;Andøy;50;50;48;;
Beiarn barne- og ungdomsskole;Beiarn;*;*;*;;
Bindalseidet skole SA;Bindal;*;*;*;;
Terråk skole;Bindal;*;*;*;;
Alberthaugen skole;Bodø;*;*;*;;
Alstad ungdomsskole;Bodø;50;47;50;;
Bankgata ungdomsskole;Bodø;;;;;
Bodøsjøen skole;Bodø;53;50;48;;
Hunstad ungdomsskole;Bodø;;;;;
Kjerringøy oppvekstsenter avd skole;Bodø;;;;;
Løpsmark skole;Bodø;;;;;
Misvær oppvekstsenter avd skole;Bodø;*;*;*;;
Norges Toppidrettsgymnas ungdomsskole Bodø AS;Bodø;*;*;*;;
Rønvik skole;Bodø;52;;;;
Saltstraumen skole;Bodø;;;;;
Saltvern skole;Bodø;;;;;
Skjerstad oppvekstsenter avd skole;Bodø;;;;;
Skolen i Væran avd skole;Bodø;*;*;*;;
St Eysteins skole;Bodø;*;*;*;;
Tverlandet skole;Bodø;;;;;
Brønnøysund barneskole;Brønnøy;*;49;49;;
Brønnøysund ungdomsskole;Brønnøy;*;*;*;;
Hilstad Barne-Og ungdomsskole;Brønnøy;*;*;*;;
Bø ungdomsskole;Bø;49;46;46;;
Dønna barne- og ungdomsskole;Dønna;*;*;*;;
Løkta oppvekstsenter avd skole;Dønna;*;*;*;;
Evenes skole;Evenes - Evenᚚi;*;*;*;;
Sulitjelma skole;Fauske - Fuossko;*;*;*;;
Valnesfjord skole;Fauske - Fuossko;*;*;*;;
Vestmyra skole;Fauske - Fuossko;47;48;47;;
Flakstad barne- og ungdomsskole;Flakstad;*;*;*;;
Vikten skole;Flakstad;*;*;*;;
Inndyr skole avd skole;Gildeskål;*;*;*;;
Nygårdsjøen oppvekstsenter avd skole;Gildeskål;*;*;*;;
Sandhornøy skole;Gildeskål;*;*;*;;
Sørarnøy skole og barnehage avd skole;Gildeskål;*;*;*;;
Grane barne- og ungdomsskole;Grane;50;48;47;;
Drag skole;Hábmer - Hamarøy;48;49;46;;
Oppeid skole;Hábmer - Hamarøy;50;50;46;;
Melbu skole;Hadsel;*;*;*;;
Stokmarknes skole;Hadsel;49;48;47;;
Strønstad skole;Hadsel;*;*;*;;
Hemnes sentralskole;Hemnes;45;46;47;;
Korgen sentralskole;Hemnes;48;47;49;;
Herøy skole;Herøy (Nordland);46;46;46;;
Leirfjord barne- og ungdomsskole;Leirfjord;46;47;45;;
Konsvik oppvekstsenter avd skole;Lurøy;*;*;*;;
Lovund skole;Lurøy;*;*;*;;
Onøy Lurøy oppvekstsenter avd skole;Lurøy;*;*;*;;
Sleneset oppvekstsenter skole;Lurøy;*;*;*;;
Lødingen skole;Lødingen;*;*;*;;
Vestbygd skole;Lødingen;*;*;*;;
Enga skole;Meløy;45;48;46;;
Glomfjord skole;Meløy;42;43;45;;
Neverdal Enspire skole AS;Meløy;53;51;51;;
Ørnes skole;Meløy;48;46;49;;
Sørvågen skole;Moskenes;*;*;*;;
Ballangen skole;Narvik;42;43;45;;
Kjøpsvik skole;Narvik;*;*;*;;
Narvik ungdomsskole;Narvik;49;50;49;;
Skjomen skole;Narvik;*;*;*;;
Nesna skole avd Nesna;Nesna;51;48;50;;
Rana ungdomsskole;Rana - Raane;*;*;*;;
Storforshei barne- og ungdomsskole;Rana - Raane;47;47;48;;
Utskarpen barne- og ungdomsskole;Rana - Raane;*;*;*;;
Jektvik skole;Rødøy;*;*;*;;
Rødøy skole;Rødøy;*;*;*;;
Tjongsfjord skole;Rødøy;*;*;*;;
Røst barne- og ungdomsskole;Røst;*;*;*;;
Rognan ungdomsskole;Saltdal;48;48;50;;
Røkland skole grunnskolen;Saltdal;52;47;52;;
Sortland ungdomsskole;Sortland - Suortá;47;48;46;;
Steigenskolen Leinesfjord;Steigen;47;45;47;;
Vik skole;Sømna;47;48;47;;
Nordsia oppvekstsenter skole;Sørfold - Fuolldá;*;*;*;;
Røsvik oppvekstsenter skole;Sørfold - Fuolldá;*;*;*;;
Straumen skole;Sørfold - Fuolldá;45;40;40;;
Husøy skole;Træna;*;*;*;;
Granmoen skole;Vefsn;48;54;48;;
Kippermoen ungdomsskole;Vefsn;49;49;49;;
Vega barne- og ungdomsskole;Vega;*;*;*;;
Ballstad skole;Vestvågøy;46;43;44;;
Bøstad skole;Vestvågøy;45;45;46;;
Leknes skole;Vestvågøy;47;47;46;;
Opdøl montessoriskole Barne og ungdomsskole;Vestvågøy;51;49;46;;
Svarholt skole;Vestvågøy;51;50;49;;
Vevelstad sentralskole;Vevelstad;*;*;*;;
Værøy skole;Værøy;*;*;*;;
Digermulen skole;Vågan;*;*;*;;
Gimsøy skole;Vågan;*;*;*;;
Henningsvær skole;Vågan;*;*;*;;
Kabelvåg skole;Vågan;48;47;49;;
Laukvik skole;Vågan;*;*;*;;
Laupstad skole;Vågan;*;*;*;;
Skrova skole;Vågan;*;*;*;;
Strauman oppvekstsenter;Vågan;*;*;*;;
Svolvær skole;Vågan;49;50;48;;
Ørsnes privatskole;Vågan;*;*;*;;
Myre skole;Øksnes;47;45;46;;
Hattfjelldal oppvekstsenter avd skole;Aarborte - Hattfjelldal;46;48;46;;
Abildsø skole;Oslo;52;52;51;;
Akademiet realfagsskole Oslo AS;Oslo;59;58;56;;
Apalløkka skole;Oslo;52;50;51;;
Bjølsen skole;Oslo;54;55;54;;
Bjørnholt ungdomsskole;Oslo;47;44;45;;
Bjørnsletta skole;Oslo;56;57;55;;
Bjøråsen skole;Oslo;49;47;46;;
Brannfjell skole;Oslo;55;57;55;;
Bøler skole;Oslo;54;55;54;;
Den Tysk-Norske skolen i Oslo Avd grunnskole Sporveisgata;Oslo;61;59;60;;
Ellingsrud skole;Oslo;49;48;50;;
Engebråten skole;Oslo;54;57;56;;
Fagerborg skole;Oslo;54;53;52;;
Frydenberg skole;Oslo;52;52;51;;
Fyrstikkalleen skole;Oslo;53;52;52;;
Granstangen skole;Oslo;49;46;46;;
Groruddalen skole;Oslo;47;43;45;;
Haugenstua skole;Oslo;50;48;49;;
Haugerud skole;Oslo;49;46;47;;
Hauketo skole;Oslo;53;51;53;;
Holmlia skole;Oslo;48;49;47;;
Hovseter skole;Oslo;54;56;56;;
Høyenhall skole;Oslo;55;55;55;;
Jordal skole;Oslo;53;51;50;;
Karlsrud skole;Oslo;55;55;54;;
Kastellet skole;Oslo;54;55;55;;
Kristelig gymnasium AS grunnskole;Oslo;55;56;55;;
Lambertseter skole;Oslo;55;53;52;;
Lindeberg skole;Oslo;52;48;51;;
Linderud skole;Oslo;47;44;42;;
Ljabruskolen - steinerskole for Elever Med Spesielle Behov Sti;Oslo;;;;;
Lofsrud skole;Oslo;47;45;45;;
Lycee Francais Rene Cassin Doslo;Oslo;54;50;54;;
Lønnebakken skole;Oslo;*;*;*;;
Majorstuen skole;Oslo;54;53;53;;
Manglerud skole;Oslo;56;55;54;;
Marienlyst skole;Oslo;54;54;54;;
Midtstuen skole;Oslo;54;56;56;;
Morellbakken skole;Oslo;54;56;55;;
Nordberg skole;Oslo;54;57;57;;
Nordpolen skole;Oslo;54;51;49;;
Nordseter skole;Oslo;53;54;54;;
Nordstrand ungdomsskole;Oslo;52;52;52;;
Norlights International School Oslo AS;Oslo;57;50;50;;
Nyskolen i Oslo grunnskole;Oslo;51;49;*;;
Oppsal skole;Oslo;55;55;55;;
Oslo kommune Språksenteret;Oslo;*;;*;;
Oslo montessoriskole;Oslo;56;*;55;;
Ris skole;Oslo;56;58;58;;
Rommen skole;Oslo;52;49;50;;
Rudolf steinerskolen i Oslo Sti;Oslo;47;47;47;;
Ruseløkka skole;Oslo;55;54;53;;
Ryenberget skole;Oslo;52;51;49;;
Sagene skole;Oslo;49;48;46;;
Skullerud skole;Oslo;51;50;50;;
Skøyenåsen skole;Oslo;54;55;53;;
Sofienberg skole;Oslo;52;51;48;;
Sollerudstranda skole;Oslo;;;;;
St Sunniva skole avd Undervisning;Oslo;54;52;50;;
Stasjonsfjellet skole;Oslo;53;52;53;;
Steinerskolen på Nordstrand;Oslo;47;53;46;;
Stiftelsen montessoriskolen Lyse;Oslo;*;49;51;;
Teglverket skole;Oslo;52;50;50;;
Tokerud skole;Oslo;50;48;48;;
Ullevålsveien skole;Oslo;*;*;*;;
Uranienborg skole;Oslo;56;56;55;;
Veitvet skole;Oslo;48;44;46;;
Vestre Aker skole;Oslo;*;*;;;
Vetland skole grunnskole;Oslo;;*;*;;
Voksentoppen skole;Oslo;*;*;*;;
Vollebekk skole;Oslo;53;54;51;;
Wang Ung Oslo AS;Oslo;51;55;57;;
Øraker skole;Oslo;55;55;55;;
Østmarka skole;Oslo;*;*;*;;
Årvoll skole;Oslo;53;53;54;;
Vikeså skule;Bjerkreim;51;52;53;;
Bokn skule;Bokn;46;47;49;;
Gamleveien skole;Eigersund;*;*;*;;
Hellvik skole;Eigersund;*;*;*;;
Husabø ungdomsskole;Eigersund;*;*;*;;
Lagård ungdomsskole;Eigersund;49;51;51;;
Samfundets skole Egersund;Eigersund;*;*;*;;
Dirdal skole;Gjesdal;*;*;*;;
Gjesdal ungdomsskole;Gjesdal;51;52;53;;
Kongstun Kristne friskole;Gjesdal;*;*;*;;
Oltedal skole;Gjesdal;*;*;*;;
Danielsen ungdomsskole Haugalandet AS;Haugesund;51;52;53;;
Haraldsvang skole;Haugesund;;;;;
Hauge skole;Haugesund;;*;;;
Haugesund Toppidrettsgymnas AS;Haugesund;50;55;56;;
Håvåsen skole;Haugesund;;;;;
Røvær skole;Haugesund;*;*;*;;
Skåredalen skole;Haugesund;*;52;*;;
Steinerskolen i Haugesund;Haugesund;49;48;43;;
Hjelmeland skule;Hjelmeland;49;51;51;;
Nærbø ungdomsskule;Hå;49;50;49;;
Ogna skule;Hå;50;51;53;;
Tryggheim ungdomsskule;Hå;48;50;50;;
Varhaug ungdomsskule;Hå;50;51;50;;
Vigrestad storskule;Hå;46;47;50;;
Bø ungdomsskole;Karmøy;51;49;50;;
Danielsen ungdomsskole Karmøy AS;Karmøy;*;*;*;;
Haugesund International School Sti;Karmøy;*;*;*;;
Skudenes ungdomsskole;Karmøy;49;49;49;;
Stangeland ungdomsskole;Karmøy;48;47;48;;
Vormedal ungdomsskole;Karmøy;49;49;50;;
Åkra ungdomsskole;Karmøy;49;48;47;;
Bore ungdomsskule;Klepp;49;49;50;;
Klepp ungdomsskule;Klepp;49;49;51;;
Orstad skule;Klepp;50;50;51;;
Kvitsøy skole;Kvitsøy;51;57;55;;
Lund ungdomsskole;Lund;47;48;49;;
Goa skole;Randaberg;51;51;52;;
Grødem skole;Randaberg;55;53;54;;
Harestad skole;Randaberg;49;53;52;;
Bogafjell ungdomsskole;Sandnes;51;52;53;;
Figgjo skole;Sandnes;51;47;51;;
Forsand skule;Sandnes;52;55;51;;
Forus friskole - Bus;Sandnes;55;53;61;;
Giske ungdomsskole;Sandnes;51;49;51;;
Høle barne- og ungdomsskule;Sandnes;55;60;58;;
Høyland ungdomsskole;Sandnes;52;51;52;;
Lundehaugen ungdomsskole;Sandnes;48;49;50;;
Lurahammaren ungdomsskole;Sandnes;54;53;54;;
Riska ungdomsskole;Sandnes;50;51;52;;
Sandnes friskole AS;Sandnes;48;50;51;;
Sandnes International School AS;Sandnes;*;*;*;;
Skeiane ungdomsskole;Sandnes;52;53;54;;
Vatneli skole;Sandnes;*;*;*;;
Wang Ung Sandnes AS;Sandnes;50;53;54;;
Øygard ungdomsskole;Sandnes;49;49;49;;
Sauda ungdomsskule;Sauda;48;48;48;;
Sokndal skole;Sokndal;49;48;49;;
Dysjaland skule;Sola;50;49;50;;
Kjerrberget ungdomsskole;Sola;52;51;52;;
Sola ungdomsskole;Sola;52;51;52;;
Tananger ungdomsskole;Sola;52;50;48;;
Austbø skole;Stavanger;51;48;50;;
Biss Gausel Sti;Stavanger;58;46;54;;
Biss Sentrum AS;Stavanger;*;*;*;;
Finnøy skule;Stavanger;*;52;53;;
Gautesete skole;Stavanger;52;51;51;;
Gosen skole;Stavanger;53;52;51;;
Hinna skole;Stavanger;52;53;52;;
Johannes læringssenter Flerspråklige Barn;Stavanger;*;;;;
Kannik skole;Stavanger;55;55;54;;
Kristen friskole AS;Stavanger;49;48;49;;
Kristianslyst skole;Stavanger;53;53;53;;
Lunde skole;Stavanger;50;48;48;;
Norlights montessoriskole Stavanger AS;Stavanger;*;*;*;;
Rennesøy skule;Stavanger;52;53;54;;
Revheim skole;Stavanger;50;49;51;;
Smiodden skole;Stavanger;52;49;51;;
St. Svithun skole;Stavanger;51;49;49;;
Stavanger Kristne grunnskole;Stavanger;*;*;51;;
Steinerskolen Stavanger grunnskole;Stavanger;51;50;49;;
Tastarustå skole;Stavanger;53;51;50;;
Tastaveden skole;Stavanger;51;50;50;;
Ullandhaug skole;Stavanger;52;51;52;;
Wang Ung Stavanger AS;Stavanger;53;56;56;;
Jørpeland ungdomsskole;Strand;47;45;46;;
Kfskolen - Jørpeland;Strand;53;46;51;;
Tau ungdomsskole;Strand;49;50;49;;
Tryggheim Strand AS;Strand;49;51;50;;
Sand skule avd skule;Suldal;48;51;53;;
Bryne ungdomsskule;Time;*;*;*;;
Frøyland ungdomsskule;Time;48;49;48;;
Jærtun Lutherske friskule;Time;*;*;*;;
Lye ungdomsskule;Time;*;*;*;;
Vardheia ungdomsskule;Time;51;50;52;;
Frakkagjerd ungdomsskole;Tysvær;48;48;50;;
Nedstrand barne- og ungdomsskule;Tysvær;50;50;50;;
Tysværvåg barne- og ungdomsskule;Tysvær;52;53;52;;
Skjold skule;Vindafjord;48;48;48;;
Vikedal skule;Vindafjord;46;51;51;;
Ølen skule;Vindafjord;48;50;48;;
Troms og Finnmark - Romsa ja Finnmárku - Tromssa ja Finmarkku;Alle kommuner;50;50;49;;
Alta;Alta (2020 - 2023);50;51;50;;
Alta Kristne grunnskole SA;Alta (2020 - 2023);*;*;*;;
Alta ungdomsskole;Alta (2020 - 2023);51;50;51;;
Haldde montessoriskole SA;Alta (2020 - 2023);*;*;*;;
Rafsbotn skole;Alta (2020 - 2023);50;51;50;;
Sandfallet ungdomsskole;Alta (2020 - 2023);50;51;48;;
Talvik skole;Alta (2020 - 2023);*;*;*;;
Tverrelvdalen skole;Alta (2020 - 2023);*;*;*;;
Balsfjord;Balsfjord (2020 - 2023);50;48;47;;
Laksvatn oppvekstsenter avd skole;Balsfjord (2020 - 2023);*;*;*;;
Malangen skole;Balsfjord (2020 - 2023);*;*;*;;
Nordkjosbotn skole;Balsfjord (2020 - 2023);51;49;48;;
Storsteinnes skole;Balsfjord (2020 - 2023);48;44;43;;
Bardu;Bardu (2020 - 2023);49;50;52;;
Bardu ungdomsskole;Bardu (2020 - 2023);49;50;52;;
Berlevåg;Berlevåg (2020 - 2023);*;*;*;;
Berlevåg skole;Berlevåg (2020 - 2023);*;*;*;;
Båtsfjord;Båtsfjord (2020 - 2023);45;46;44;;
Båtsfjord skole;Båtsfjord (2020 - 2023);45;46;44;;
Deatnu - Tana;Deatnu - Tana (2020 - 2023);45;46;47;;
Deanu Sàmeskuvla;Deatnu - Tana (2020 - 2023);*;*;*;;
Tana montessoriskole AS;Deatnu - Tana (2020 - 2023);*;*;*;;
Tanabru skole;Deatnu - Tana (2020 - 2023);48;45;49;;
Dielddanuorri - Tjeldsund;Dielddanuorri - Tjeldsund (2020 - 2023);52;52;51;;
Grov skole;Dielddanuorri - Tjeldsund (2020 - 2023);51;51;52;;
Kongsvik skole;Dielddanuorri - Tjeldsund (2020 - 2023);*;*;*;;
Ramsund skole;Dielddanuorri - Tjeldsund (2020 - 2023);*;*;*;;
Skånland skole;Dielddanuorri - Tjeldsund (2020 - 2023);53;55;51;;
Dyrøy;Dyrøy (2020 - 2023);50;53;48;;
Elvetun skole;Dyrøy (2020 - 2023);50;53;48;;
Gáivuotna - Kåfjord - Kaivuono;Gáivuotna - Kåfjord - Kaivuono (2020 - 2023);52;50;49;;
Indre Kåfjord barne- og ungdomsskole;Gáivuotna - Kåfjord - Kaivuono (2020 - 2023);*;*;*;;
Manndalen skole;Gáivuotna - Kåfjord - Kaivuono (2020 - 2023);*;*;*;;
Olderdalen skole;Gáivuotna - Kåfjord - Kaivuono (2020 - 2023);*;*;*;;
Gamvik;Gamvik (2020 - 2023);55;53;49;;
Gamvik skole;Gamvik (2020 - 2023);*;*;*;;
Mehamn skole;Gamvik (2020 - 2023);*;*;*;;
Skjånes skole;Gamvik (2020 - 2023);*;*;;;
Gratangen;Gratangen (2020 - 2023);48;48;52;;
Gratangsbotn skole;Gratangen (2020 - 2023);*;*;*;;
Montessoriskolen Morgan AS;Gratangen (2020 - 2023);*;*;*;;
Guovdageaidnu - Kautokeino;Guovdageaidnu - Kautokeino (2020 - 2023);48;*;45;;
Kautokeino skole;Guovdageaidnu - Kautokeino (2020 - 2023);*;*;*;;
Máze Skuvla/Masi skole Máze skole;Guovdageaidnu - Kautokeino (2020 - 2023);*;;*;;
Hammerfest - Hámmerfeasta;Hammerfest - Hámmerfeasta (2020 - 2023);48;47;48;;
Breilia skole;Hammerfest - Hámmerfeasta (2020 - 2023);48;45;47;;
Fjordtun skole;Hammerfest - Hámmerfeasta (2020 - 2023);50;51;49;;
Forsøl skole;Hammerfest - Hámmerfeasta (2020 - 2023);*;*;*;;
Kvalsund skole;Hammerfest - Hámmerfeasta (2020 - 2023);*;*;*;;
Harstad - Hárstták;Harstad - Hárstták (2020 - 2023);52;50;51;;
Hagebyen skole;Harstad - Hárstták (2020 - 2023);;49;;;
Kila skole;Harstad - Hárstták (2020 - 2023);*;*;*;;
Seljestad ungdomsskole;Harstad - Hárstták (2020 - 2023);53;52;;;
Stangnes skole;Harstad - Hárstták (2020 - 2023);;;;;
Øyriket oppvekstsenter avd skole;Harstad - Hárstták (2020 - 2023);*;*;*;;
Hasvik;Hasvik (2020 - 2023);*;*;*;;
Breivikbotn skole;Hasvik (2020 - 2023);*;*;*;;
Ibestad;Ibestad (2020 - 2023);51;50;50;;
Andørja montessoriskole;Ibestad (2020 - 2023);*;*;*;;
Ibestad skole;Ibestad (2020 - 2023);*;*;*;;
Kárášjohka - Karasjok;Kárášjohka - Karasjok (2020 - 2023);46;*;48;;
Karasjok grunnskole;Kárášjohka - Karasjok (2020 - 2023);46;*;48;;
Karlsøy;Karlsøy (2020 - 2023);42;43;44;;
Hansnes barne- og ungdomsskole;Karlsøy (2020 - 2023);*;*;*;;
Vanna montessoriskole;Karlsøy (2020 - 2023);*;*;*;;
Vannvåg oppvekstsenter avd skole;Karlsøy (2020 - 2023);*;*;*;;
Kvæfjord;Kvæfjord (2020 - 2023);50;50;50;;
Borkenes skole;Kvæfjord (2020 - 2023);50;50;50;;
Kvænangen;Kvænangen (2020 - 2023);47;48;46;;
Kvænangen barne- og ungdomsskole;Kvænangen (2020 - 2023);47;48;46;;
Lebesby;Lebesby (2020 - 2023);49;48;49;;
Kjøllefjord skole;Lebesby (2020 - 2023);*;*;*;;
Lebesby oppvekstsenter Avdeling skole;Lebesby (2020 - 2023);*;*;*;;
Loabák - Lavangen;Loabák - Lavangen (2020 - 2023);51;51;47;;
Lavangen skole;Loabák - Lavangen (2020 - 2023);51;51;47;;
Loppa;Loppa (2020 - 2023);*;*;*;;
Høgtun skole;Loppa (2020 - 2023);*;*;*;;
Lyngen;Lyngen (2020 - 2023);48;49;48;;
Eidebakken skole;Lyngen (2020 - 2023);*;*;*;;
Lenangen skole;Lyngen (2020 - 2023);*;*;*;;
Målselv;Målselv (2020 - 2023);49;51;50;;
Bardufoss ungdomsskole;Målselv (2020 - 2023);49;52;51;;
Bjørkeng oppvekstsenter avd skole;Målselv (2020 - 2023);*;*;*;;
Sameskolen i Troms;Målselv (2020 - 2023);*;*;*;;
Øvergård montessoriskole;Målselv (2020 - 2023);*;*;*;;
Måsøy;Måsøy (2020 - 2023);*;*;*;;
Havøysund skole;Måsøy (2020 - 2023);*;*;*;;
Nordkapp;Nordkapp (2020 - 2023);50;50;47;;
Honningsvåg skole;Nordkapp (2020 - 2023);50;50;47;;
Nordreisa - Ráisa - Raisi;Nordreisa - Ráisa - Raisi (2020 - 2023);47;47;46;;
Reisa montessoriskole;Nordreisa - Ráisa - Raisi (2020 - 2023);*;*;*;;
Storslett skole;Nordreisa - Ráisa - Raisi (2020 - 2023);47;47;46;;
Straumfjordnes skole;Nordreisa - Ráisa - Raisi (2020 - 2023);*;*;*;;
Porsanger - Porsáŋgu - Porsanki;Porsanger - Porsángu - Porsanki (2020 - 2023);46;45;47;;
Billefjord Sjøsamiske oppvekstsenter Avdeling skole;Porsanger - Porsángu - Porsanki (2020 - 2023);*;*;*;;
Børselv skole;Porsanger - Porsángu - Porsanki (2020 - 2023);*;*;*;;
Lakselv ungdomsskole;Porsanger - Porsángu - Porsanki (2020 - 2023);45;44;46;;
Salangen;Salangen (2020 - 2023);51;52;49;;
Salangen kommune Salangen skole;Salangen (2020 - 2023);51;52;49;;
Senja;Senja (2020 - 2023);47;49;47;;
Berg montessoriskole;Senja (2020 - 2023);*;*;*;;
Botnhamn skole grunnskole 1.-10.;Senja (2020 - 2023);*;*;*;;
Finnsnes ungdomsskole;Senja (2020 - 2023);46;48;47;;
Gibostad barne- og ungdomsskole;Senja (2020 - 2023);*;*;*;;
Gryllefjord skole;Senja (2020 - 2023);*;*;*;;
Husøy skole;Senja (2020 - 2023);*;*;*;;
Kårvik skole;Senja (2020 - 2023);*;*;*;;
Medby skole;Senja (2020 - 2023);*;*;*;;
Nordborg ungdomsskole;Senja (2020 - 2023);52;50;46;;
Rossfjord barne- og ungdomsskole;Senja (2020 - 2023);*;*;*;;
Senja montessoriskole;Senja (2020 - 2023);*;*;*;;
Senjahopen skole;Senja (2020 - 2023);*;*;*;;
Stonglandet skole;Senja (2020 - 2023);*;*;*;;
Vikstranda skole;Senja (2020 - 2023);*;*;46;;
Skjervøy;Skjervøy (2020 - 2023);49;44;46;;
Skjervøy ungdomsskole;Skjervøy (2020 - 2023);*;*;*;;
Årviksand skole;Skjervøy (2020 - 2023);*;*;*;;
Storfjord - Omasvuotna - Omasvuono;Storfjord - Omasvuotna - Omasvuono (2020 - 2023);52;49;50;;
Hatteng skole;Storfjord - Omasvuotna - Omasvuono (2020 - 2023);*;*;*;;
Skibotn skole;Storfjord - Omasvuotna - Omasvuono (2020 - 2023);*;*;*;;
Longyearbyen skole grunnskole;Svalbard;56;55;54;;
Sørreisa;Sørreisa (2020 - 2023);48;46;48;;
Sørreisa barneskole;Sørreisa (2020 - 2023);48;46;48;;
Sør-Varanger;Sør-Varanger (2020 - 2023);50;50;50;;
Bugøynes oppvekstsenter avd skole;Sør-Varanger (2020 - 2023);*;*;*;;
Kirkenes ungdomsskole (Nedlagt);Sør-Varanger (2020 - 2023);50;50;49;;
Pasvik skole;Sør-Varanger (2020 - 2023);*;*;*;;
Sandnes og Bjørnevatn skole;Sør-Varanger (2020 - 2023);51;51;52;;
Tromsø;Tromsø (2020 - 2023);52;51;52;;
Ekrehagen skole Adventistsamfunnets Grunnskoler;Tromsø (2020 - 2023);*;*;*;;
Grønnåsen skole;Tromsø (2020 - 2023);;51;51;;
Hillesøyskolen Brensholmen skole;Tromsø (2020 - 2023);*;*;*;;
Kroken skole;Tromsø (2020 - 2023);;;;;
Kvaløysletta skole;Tromsø (2020 - 2023);;;;;
Lakselvbukt skole;Tromsø (2020 - 2023);*;*;*;;
Langnes skole;Tromsø (2020 - 2023);53;53;53;;
Norges Toppidrettsgymnas ungdomsskole Tromsø AS;Tromsø (2020 - 2023);50;49;54;;
Ramfjord skole;Tromsø (2020 - 2023);52;51;50;;
Sommerlyst skole;Tromsø (2020 - 2023);50;47;51;;
Steinerskolen i Tromsø Sti;Tromsø (2020 - 2023);56;50;*;;
Stiftelsen Tromsø International School;Tromsø (2020 - 2023);*;*;*;;
Storelva skole;Tromsø (2020 - 2023);54;53;51;;
Straumsbukta skole;Tromsø (2020 - 2023);53;53;53;;
Tromstun skole;Tromsø (2020 - 2023);;;50;;
Trondjord skole;Tromsø (2020 - 2023);*;*;*;;
Vengsøy skole;Tromsø (2020 - 2023);*;*;*;;
Unjárga - Nesseby;Unjárga - Nesseby (2020 - 2023);52;48;46;;
Unjargga Oahppogaldu Nesseby oppvekstsenter avd skole;Unjárga - Nesseby (2020 - 2023);52;48;46;;
Vadsø;Vadsø (2020 - 2023);52;52;51;;
Vadsø kommune Vestre Jakobselv oppvekstsenter avd skole;Vadsø (2020 - 2023);51;51;49;;
Vadsø ungdomsskole og voksenopplæring avd skole;Vadsø (2020 - 2023);52;52;51;;
Vardø;Vardø (2020 - 2023);53;51;52;;
Vardø kommune grunnskole;Vardø (2020 - 2023);53;51;52;;
Lauvsnes skole;Flatanger;*;45;41;;
Frosta skole;Frosta;49;47;51;;
Frøya ungdomsskole;Frøya;48;47;48;;
Mausund oppvekstsenter avd skole;Frøya;*;*;*;;
Sørburøy skole;Frøya;*;*;*;;
Grong barne- og ungdomsskole;Grong;50;49;49;;
Halsa barne- og ungdomsskole;Heim;44;47;*;;
Sodin skole;Heim;48;49;*;;
Fillan skole;Hitra;52;51;53;;
Holtålen kommune Hov skole;Holtålen;53;55;52;;
Høylandet barne- og ungdomsskole;Høylandet;48;50;51;;
Inderøy ungdomsskole;Inderøy;*;*;*;;
Innherred Kristne skole;Inderøy;*;*;*;;
Mælan skole;Indre Fosen;*;*;*;;
Stadsbygd skole;Indre Fosen;50;49;49;;
Testmann Minne skole;Indre Fosen;*;*;*;;
Vanvikan skole;Indre Fosen;*;*;*;;
Åsly skole;Indre Fosen;49;48;49;;
Leka barne- og ungdomsskole;Leka;*;*;*;;
Levanger ungdomsskole;Levanger - Levangke;49;50;51;;
Skogn barne- og ungdomsskole;Levanger - Levangke;*;*;*;;
Vårtun Kristne oppvekstsenter SA;Levanger - Levangke;45;38;43;;
Ytterøy barne- og ungdomsskole;Levanger - Levangke;*;*;*;;
Åsen barne- og ungdomsskole;Levanger - Levangke;51;52;52;;
Lierne kommune - Stortangen skole;Lierne;*;*;*;;
Lierne kommune - Sørli skole;Lierne;*;*;*;;
Hommelvik ungdomsskole;Malvik;51;50;50;;
Vikhammer ungdomsskole;Malvik;50;51;50;;
Eid skole;Melhus;50;51;51;;
Gimse ungdomsskole;Melhus;49;49;48;;
Lundamo ungdomsskole;Melhus;47;47;48;;
Øya videregående skole;Melhus;50;52;49;;
Meråker skole;Meråker;46;50;49;;
Støren ungdomsskole;Midtre Gauldal;43;47;46;;
Bangsund skole;Namsos - Nåavmesjenjaelmie;48;49;46;;
Bjørkly skole;Namsos - Nåavmesjenjaelmie;*;*;*;;
Høknes ungdomsskole;Namsos - Nåavmesjenjaelmie;48;50;47;;
Jøa barne- og ungdomsskole;Namsos - Nåavmesjenjaelmie;*;*;*;;
Namdalseid skole;Namsos - Nåavmesjenjaelmie;48;49;51;;
Namsos ungdomsskole;Namsos - Nåavmesjenjaelmie;51;50;49;;
Otterøy oppvekstsenter avd skole;Namsos - Nåavmesjenjaelmie;48;54;51;;
Statland skole;Namsos - Nåavmesjenjaelmie;*;*;*;;
Namsskogan skole;Namsskogan;45;47;47;;
Austafjord skole;Nærøysund;*;*;*;;
Kolvereid skole;Nærøysund;*;*;*;;
Rørvik skole;Nærøysund;46;43;44;;
Oppdal ungdomsskole;Oppdal;*;*;*;;
Vollan skole;Oppdal;*;*;*;;
Grøtte skole;Orkland;47;48;46;;
Lensvik skole;Orkland;46;52;53;;
Løkken Verk montessoriskole SA;Orkland;46;44;44;;
Meldal barne- og ungdomsskole;Orkland;50;53;53;;
Orkanger ungdomsskole;Orkland;47;50;48;;
Årlivoll skole;Orkland;48;51;50;;
Strand barne- og ungdomsskole;Osen;*;*;*;;
Overhalla barne- og ungdomsskole;Overhalla;*;*;*;;
Overhalla montessoriskole SA;Overhalla;*;*;*;;
Rennebu barne- og ungdomsskole;Rennebu;*;*;*;;
Voll skole AS;Rennebu;*;*;*;;
Rindal skole;Rindal;47;48;49;;
Røros skole;Røros - Rosse;48;48;51;;
Røyrvik oppvekstsenter Avdeling skole;Raarvihke - Røyrvik;*;*;*;;
Selbu ungdomsskole;Selbu;46;47;50;;
Skaun ungdomsskole;Skaun;50;49;51;;
Snåsa montessoriskole SA;Snåase - Snåsa;*;*;*;;
Snåsa skole;Snåase - Snåsa;*;*;*;;
Egge ungdomsskole;Steinkjer;;;;;
Malm skole;Steinkjer;*;*;*;;
Steinkjer montessoriskole;Steinkjer;*;*;*;;
Steinkjer ungdomsskole;Steinkjer;;;;;
Fagerhaug International School AS;Stjørdal;52;46;47;;
Fagerhaug Kristne skole SA;Stjørdal;50;47;49;;
Halsen ungdomsskole;Stjørdal;;;49;;
Hegra ungdomsskole;Stjørdal;;;;;
Stokkan ungdomsskole;Stjørdal;;;;;
Adventkirken skole Nidelven;Trondheim - Tråante;*;*;*;;
Birralee International School Trondheim AS avd skole;Trondheim - Tråante;65;54;59;;
Blussuvoll skole;Trondheim - Tråante;53;53;51;;
Charlottenlund ungdomsskole;Trondheim - Tråante;51;52;51;;
Dalgård skole og ressurssenter;Trondheim - Tråante;;;;;
Flatåsen skole;Trondheim - Tråante;51;47;48;;
Hoeggen skole;Trondheim - Tråante;49;49;49;;
Huseby ungdomsskole;Trondheim - Tråante;48;45;46;;
Klæbu ungdomsskole;Trondheim - Tråante;48;47;49;;
Lade skole;Trondheim - Tråante;51;51;50;;
Markaplassen skole;Trondheim - Tråante;50;51;52;;
Momo waldorfskole AS;Trondheim - Tråante;;;;;
Nidaros idrettsungdomsskole Sti;Trondheim - Tråante;50;50;52;;
Rosenborg skole;Trondheim - Tråante;50;50;48;;
Rosten skole;Trondheim - Tråante;50;48;49;;
Selsbakk skole;Trondheim - Tråante;49;49;48;;
Sjetne skole;Trondheim - Tråante;53;50;49;;
Spongdal skole;Trondheim - Tråante;51;49;48;;
Steinerskolen i Trondheim grunnskole;Trondheim - Tråante;47;52;52;;
Stiftelsen steinerskolen Rotvoll;Trondheim - Tråante;*;*;*;;
Stiftelsen Trondheim International School;Trondheim - Tråante;58;54;54;;
Stiftelsen Trondheim Kristne Grunnskole, tomasskolen;Trondheim - Tråante;53;50;49;;
Sunnland skole;Trondheim - Tråante;51;52;53;;
Sverresborg skole;Trondheim - Tråante;52;52;52;;
Tonstad skole;Trondheim - Tråante;48;48;48;;
Trondheim idrettsungdomsskole AS;Trondheim - Tråante;48;49;52;;
Ugla skole;Trondheim - Tråante;53;54;53;;
Åsheim ungdomsskole;Trondheim - Tråante;49;49;49;;
Tydal barne- og ungdomsskole;Tydal;*;*;*;;
Verdalsøra ungdomsskole;Verdal;47;48;49;;
Vuku barne- og ungdomsskole;Verdal;52;51;53;;
Botngård ungdomsskole;Ørland;48;45;44;;
Ørland ungdomsskole;Ørland;51;51;52;;
Brandsfjord barne- og ungdomsskole;Åfjord;*;*;*;;
Stokksund grunnskole og Sfo;Åfjord;;;;;
Sør-Roan skole;Åfjord;*;*;*;;
Åset skole;Åfjord;53;51;51;;
Vestfold og Telemark;Alle kommuner;50;50;49;;
Bamble;Bamble (2020 - 2023);48;48;47;;
Bamble ungdomsskole;Bamble (2020 - 2023);48;48;47;;
Drangedal;Drangedal (2020 - 2023);48;50;50;;
Drangedal 10-Årige skole;Drangedal (2020 - 2023);48;50;50;;
Fyresdal;Fyresdal (2020 - 2023);54;52;50;;
Gimle skule;Fyresdal (2020 - 2023);54;52;50;;
Færder;Færder (2020 - 2023);50;50;50;;
Borgheim ungdomsskole;Færder (2020 - 2023);50;50;50;;
Steinerskolen i Vestfold;Færder (2020 - 2023);48;49;47;;
Teigar ungdomsskole;Færder (2020 - 2023);51;50;49;;
Tjøme ungdomsskole;Færder (2020 - 2023);50;51;51;;
Hjartdal;Hjartdal (2020 - 2023);48;54;49;;
Sauland skule;Hjartdal (2020 - 2023);48;54;49;;
Holmestrand;Holmestrand (2020 - 2023);50;50;49;;
Gjøklep ungdomsskole;Holmestrand (2020 - 2023);49;48;48;;
Hof skole;Holmestrand (2020 - 2023);54;50;51;;
Sande ungdomsskole;Holmestrand (2020 - 2023);49;51;49;;
Horten;Horten (2020 - 2023);50;49;47;;
Bakkeåsen skole;Horten (2020 - 2023);*;*;*;;
Borre ungdomsskole;Horten (2020 - 2023);50;50;49;;
Holtan ungdomsskole;Horten (2020 - 2023);48;47;45;;
Orerønningen ungdomsskole;Horten (2020 - 2023);*;*;*;;
Kragerø;Kragerø (2020 - 2023);49;48;47;;
Kragerø skole;Kragerø (2020 - 2023);48;48;46;;
Sannidal ungdomsskole;Kragerø (2020 - 2023);49;49;47;;
Kviteseid;Kviteseid (2020 - 2023);54;54;57;;
Kviteseid skule;Kviteseid (2020 - 2023);54;54;57;;
Larvik;Larvik (2020 - 2023);49;50;49;;
Brunla ungdomsskole;Larvik (2020 - 2023);49;50;50;;
Frøy skole;Larvik (2020 - 2023);*;*;;;
Hedrum ungdomsskole;Larvik (2020 - 2023);48;48;47;;
Kongshaugen Kristne grunnskole;Larvik (2020 - 2023);47;47;55;;
Kvelde skole;Larvik (2020 - 2023);*;*;47;;
Lardal skole;Larvik (2020 - 2023);47;49;49;;
Mellomhagen ungdomsskole;Larvik (2020 - 2023);48;49;47;;
Mesterfjellet skole;Larvik (2020 - 2023);49;48;48;;
Ra ungdomsskole;Larvik (2020 - 2023);51;52;51;;
Tjodalyng skole;Larvik (2020 - 2023);48;51;49;;
Midt-Telemark;Midt-Telemark (2020 - 2023);48;48;49;;
Bø ungdomsskule;Midt-Telemark (2020 - 2023);*;*;*;;
Gvarv skole;Midt-Telemark (2020 - 2023);*;*;*;;
Sauar friskole;Midt-Telemark (2020 - 2023);*;*;*;;
Nissedal;Nissedal (2020 - 2023);54;55;53;;
Tveit skule / Nissedal ungdomsskule;Nissedal (2020 - 2023);54;55;53;;
Nome;Nome (2020 - 2023);47;49;47;;
Holla 10-Årige skole;Nome (2020 - 2023);49;51;47;;
Lunde 10-Årige skole;Nome (2020 - 2023);43;46;46;;
Notodden;Notodden (2020 - 2023);46;46;46;;
Gransherad skole;Notodden (2020 - 2023);48;44;45;;
Heddal ungdomsskole;Notodden (2020 - 2023);46;45;47;;
Notodden ungdomsskole;Notodden (2020 - 2023);46;46;46;;
Porsgrunn;Porsgrunn (2020 - 2023);50;50;50;;
Heistadskolene avd Ungdom;Porsgrunn (2020 - 2023);49;51;49;;
Kjølnes ungdomsskole;Porsgrunn (2020 - 2023);50;50;50;;
Sandøya montessoriskole;Porsgrunn (2020 - 2023);*;*;*;;
Stiftelsen International School Telemark;Porsgrunn (2020 - 2023);*;*;*;;
Telemark Toppidrett ungdomsskole Porsgrunn AS;Porsgrunn (2020 - 2023);50;52;53;;
Tveten ungdomsskole;Porsgrunn (2020 - 2023);49;50;51;;
Vestsiden skole;Porsgrunn (2020 - 2023);49;;47;;
Sandefjord;Sandefjord (2020 - 2023);51;51;51;;
Andebu ungdomsskole;Sandefjord (2020 - 2023);48;46;48;;
Breidablikk ungdomsskole;Sandefjord (2020 - 2023);51;51;51;;
Bugården ungdomsskole;Sandefjord (2020 - 2023);51;50;50;;
Moe skole;Sandefjord (2020 - 2023);50;53;*;;
Mokollen skole;Sandefjord (2020 - 2023);50;49;*;;
Ranvik ungdomsskole;Sandefjord (2020 - 2023);51;51;51;;
Signo Grunn- og videregående skole AS;Sandefjord (2020 - 2023);;;;;
Skagerak International School Sti;Sandefjord (2020 - 2023);59;55;54;;
Stokke ungdomsskole;Sandefjord (2020 - 2023);51;52;52;;
Varden ungdomsskole;Sandefjord (2020 - 2023);48;48;48;;
Wang Ung Sandefjord AS;Sandefjord (2020 - 2023);53;56;58;;
Seljord;Seljord (2020 - 2023);44;43;45;;
Seljord barne- og ungdomsskule skole 1-10;Seljord (2020 - 2023);44;43;45;;
Siljan;Siljan (2020 - 2023);50;51;51;;
Siljan ungdomsskole;Siljan (2020 - 2023);50;51;51;;
Skien;Skien (2020 - 2023);50;50;50;;
Bølehøgda skole;Skien (2020 - 2023);;;;;
Enggrav skole og barnehage Avd skole;Skien (2020 - 2023);;;;;
Gimsøy skole;Skien (2020 - 2023);49;47;48;;
Gjerpen ungdomsskole;Skien (2020 - 2023);50;51;48;;
Gulset ungdomsskole;Skien (2020 - 2023);47;48;49;;
Kongerød ungdomsskole;Skien (2020 - 2023);51;49;51;;
Menstad ungdomsskole;Skien (2020 - 2023);51;51;50;;
Mæla ungdomsskole;Skien (2020 - 2023);50;52;50;;
Oasen skole Grenland AS;Skien (2020 - 2023);47;45;46;;
Skauen Kristelige skole;Skien (2020 - 2023);53;57;55;;
Skien kommune Spesialpedagogisk Enhet;Skien (2020 - 2023);;;;;
Telemark Toppidrett ungdomsskole Skien AS;Skien (2020 - 2023);51;56;57;;
Tinn;Tinn (2020 - 2023);46;48;48;;
Atrå barne- og ungdomsskole;Tinn (2020 - 2023);*;*;*;;
Rjukan ungdomsskole;Tinn (2020 - 2023);*;*;*;;
Tinn montessoriskole SA;Tinn (2020 - 2023);*;*;*;;
Tokke;Tokke (2020 - 2023);48;48;48;;
Høydalsmo skule;Tokke (2020 - 2023);*;*;*;;
Tokke skule;Tokke (2020 - 2023);*;*;*;;
Tønsberg;Tønsberg (2020 - 2023);51;51;51;;
Byskogen Kombinerte skole;Tønsberg (2020 - 2023);50;48;47;;
Elihu Kristne grunnskole;Tønsberg (2020 - 2023);*;*;*;;
Granly skole;Tønsberg (2020 - 2023);52;53;53;;
Kongseik ungdomsskole;Tønsberg (2020 - 2023);49;52;50;;
Presterød ungdomsskole;Tønsberg (2020 - 2023);55;54;53;;
Revetal ungdomsskole;Tønsberg (2020 - 2023);47;48;50;;
Ringshaug ungdomsskole;Tønsberg (2020 - 2023);53;53;52;;
Skagerak International School, Tønsberg AS;Tønsberg (2020 - 2023);57;51;51;;
Tønsberg Montessori skole Sti;Tønsberg (2020 - 2023);*;*;*;;
Vear skole;Tønsberg (2020 - 2023);48;48;45;;
Wang Tønsberg AS;Tønsberg (2020 - 2023);49;53;52;;
Vinje;Vinje (2020 - 2023);45;48;49;;
Edland skule avd skule;Vinje (2020 - 2023);*;*;*;;
Rauland skule avd skule;Vinje (2020 - 2023);45;49;51;;
Åmot skule avd skule;Vinje (2020 - 2023);*;*;*;;
Danielsen ungdomsskule Frekhaug AS;Alver;48;49;50;;
Knarvik ungdomsskule;Alver;48;48;49;;
Lindås ungdomsskule;Alver;50;49;50;;
Meland ungdomsskule;Alver;50;49;51;;
Nordhordland Kristne grunnskole;Alver;44;47;46;;
Ostereidet ungdomsskule;Alver;49;53;52;;
Radøy ungdomsskule;Alver;46;46;47;;
Rossland skule;Alver;45;44;48;;
Askvoll skule;Askvoll;47;49;49;;
Bulandet skule;Askvoll;*;*;*;;
Gjelsvik skule;Askvoll;*;*;*;;
Erdal ungdomsskole;Askøy;50;50;50;;
Fauskanger barne- og ungdomsskule;Askøy;49;47;47;;
Kleppestø ungdomsskole;Askøy;49;48;49;;
Ravnanger ungdomsskole;Askøy;47;47;48;;
Aurland barne- og ungdomsskule;Aurland;51;52;50;;
Austevoll ungdomsskule;Austevoll;45;43;45;;
Årås skule;Austrheim;48;45;50;;
Bergen kompetansesenter for Læringsmiljø;Bergen;;;;;
Bergen Kristne grunnskole;Bergen;48;48;45;;
Bjørgvin montessoriskole;Bergen;56;56;57;;
Blokkhaugen skole;Bergen;;;49;;
Breimyra skole;Bergen;50;;;;
Foreningen Danielsen ungdomsskole Bergen;Bergen;52;54;53;;
Garnes ungdomsskule;Bergen;49;;;;
Gimle Oppveksttun skole;Bergen;;;;;
Holen skole;Bergen;51;51;50;;
Hop Oppveksttun skole;Bergen;52;54;56;;
International School Of Bergen avd skole;Bergen;58;53;55;;
Kirkevoll skole;Bergen;50;51;51;;
Kjøkkelvik skole;Bergen;;;;;
Kyrkjekrinsen skole;Bergen;47;;49;;
Lynghaug skole;Bergen;52;50;52;;
Mjølkeråen skole;Bergen;;;;;
Møllebakken skole;Bergen;*;*;*;;
Nattland skole;Bergen;51;51;54;;
Norges Toppidrettsgymnas ungdomsskole Bergen AS;Bergen;52;50;56;;
Ny Krohnborg skole;Bergen;50;42;43;;
Olsvik skole;Bergen;49;50;48;;
Ortun skole;Bergen;53;53;;;
Rothaugen skole;Bergen;49;51;54;;
Rudolf steinerskolen i Bergen skolen;Bergen;45;48;43;;
Rå skole;Bergen;;53;52;;
Rådalslien skole;Bergen;50;52;52;;
Sandgotna skole;Bergen;47;48;48;;
Skranevatnet skole;Bergen;52;52;54;;
Slåtthaug skole;Bergen;52;48;50;;
St Paul skole;Bergen;52;51;51;;
Steinerskolen på Skjold Helseped Avdeling;Bergen;*;*;;;
Stiftelsen Davinci montessoriskole;Bergen;*;*;*;;
Stiftelsen montessoriskolen i Bergen;Bergen;52;51;45;;
Stiftelsen steinerskolen på Skjold;Bergen;54;50;48;;
Storetveit skole;Bergen;53;54;54;;
Ytrebygda skole;Bergen;51;51;51;;
Åstveit skole;Bergen;;54;52;;
Fusa ungdomsskule;Bjørnafjorden;48;47;50;;
Nore Neset ungdomsskule;Bjørnafjorden;47;46;47;;
Os ungdomsskule;Bjørnafjorden;48;47;49;;
Davik Oppvekst avd skule;Bremanger;*;*;*;;
Hauge Oppvekst avd skule;Bremanger;*;*;*;;
Svelgen Oppvekst avd skule;Bremanger;49;48;50;;
Bremnes ungdomsskule;Bømlo;49;47;49;;
Hillestveit skule;Bømlo;46;48;51;;
Moster skule;Bømlo;49;48;46;;
Lægreid skule;Eidfjord;52;*;*;;
Enge skule;Etne;50;51;53;;
Skånevik skule;Etne;58;53;55;;
Fedje skule;Fedje;*;*;*;;
Rimbareid barne- og ungdomsskule;Fitjar;49;53;52;;
Dingemoen skule;Fjaler;*;*;*;;
Våge skule;Fjaler;*;*;*;;
Gloppen ungdomsskule;Gloppen;*;*;*;;
Hyen skule;Gloppen;*;*;*;;
Brekke skule;Gulen;*;*;*;;
Byrknes skule;Gulen;*;*;;;
Dalsøyra skule;Gulen;*;*;*;;
Eivindvik skule;Gulen;*;*;*;;
Hyllestad skule;Hyllestad;51;51;48;;
Bjordal skule;Høyanger;*;*;*;;
Høyanger skule;Høyanger;49;49;48;;
Lavik skule;Høyanger;*;*;*;;
Eikefjord barne- og ungdomsskule;Kinn;44;43;45;;
Florø ungdomsskule;Kinn;48;45;48;;
Vågsøy ungdomsskule;Kinn;53;51;54;;
Foreninga Norheimsund friskule;Kvam;*;*;*;;
Kvam ungdomsskule;Kvam;49;50;50;;
Strandebarm skule;Kvam;*;*;*;;
Hatlestrand barne- og ungdomsskule;Kvinnherad;*;*;*;;
Husnes ungdomsskule;Kvinnherad;46;46;46;;
Rosendal ungdomsskule;Kvinnherad;49;45;48;;
Øyatun skule;Kvinnherad;*;*;*;;
Hafslo barne- og ungdomsskule;Luster;50;48;50;;
Luster ungdomsskule;Luster;52;52;54;;
Lærdalsøyri skule;Lærdal;48;46;46;;
Matre skule;Masfjorden;*;*;*;;
Nordbygda skule;Masfjorden;*;*;*;;
Sandnes skule;Masfjorden;*;*;*;;
Mo skule;Modalen;*;*;*;;
Danielsen ungdomsskule Osterøy AS;Osterøy;50;47;47;;
Osterøy ungdomsskule;Osterøy;47;48;48;;
Samnanger ungdomsskule;Samnanger;50;51;50;;
Kaupanger skule;Sogndal;52;55;54;;
Kvåle skule;Sogndal;50;52;54;;
Leikanger ungdomsskule;Sogndal;50;52;53;;
Sagatun skule avd skule;Sogndal;45;46;47;;
Solund skule;Solund;*;*;*;;
Eid ungdomsskule;Stad;*;*;51;;
Kjølsdalen montessoriskule SA;Stad;*;*;*;;
Selje skule;Stad;50;51;*;;
Stadlandet skule;Stad;*;*;*;;
Nordbygdo ungdomsskule;Stord;*;*;*;;
Nysæter ungdomsskule;Stord;*;*;*;;
Stord Kristne skule AS;Stord;*;*;*;;
Stord ungdomsskule;Stord;47;49;48;;
Olden skule;Stryn;49;50;51;;
Stryn ungdomsskule;Stryn;45;47;49;;
Førde ungdomsskule;Sunnfjord;51;52;54;;
Halbrend skule;Sunnfjord;50;50;55;;
Naustdal skule;Sunnfjord;48;49;51;;
Sande skule;Sunnfjord;45;48;50;;
Skei skule;Sunnfjord;*;*;*;;
Vassenden skule;Sunnfjord;49;50;54;;
Viksdalen skule;Sunnfjord;*;*;*;;
Sveio skule;Sveio;49;49;49;;
Tysnes skule;Tysnes;49;49;50;;
Hauso barne- og ungdomsskule;Ullensvang;51;*;50;;
Jondal skule;Ullensvang;52;50;53;;
Kinsarvik skule;Ullensvang;50;49;46;;
Odda ungdomsskole;Ullensvang;*;48;*;;
Røldal skule;Ullensvang;*;*;*;;
Brakanes barne- og ungdomsskule;Ulvik;*;*;*;;
Dale skule;Vaksdal;*;*;*;;
Eksingedalen skule;Vaksdal;*;*;*;;
Feios skule;Vik;*;*;*;;
Flatbygdi skule;Vik;*;*;*;;
Granvin barne- og ungdomsskule;Voss;*;*;*;;
Voss ungdomsskule;Voss;48;*;*;;
Vossestrand barne- og ungdomsskule;Voss;*;46;51;;
Danielsen barne- og ungdomsskule Sotra;Øygarden;50;51;52;;
Fjell ungdomsskule;Øygarden;50;50;50;;
Sund ungdomsskule;Øygarden;48;47;47;;
Tranevågen ungdomsskule;Øygarden;49;50;49;;
Øygarden ungdomsskule;Øygarden;48;48;50;;
Farnes skule;Årdal;48;48;50;;
Tangen skule;Årdal;51;52;57;;
Viken;Alle kommuner;50;50;50;;
Aremark;Aremark (2020 - 2023);49;50;51;;
Aremark skole;Aremark (2020 - 2023);49;50;51;;
Asker;Asker (2020 - 2023);52;52;51;;
Borgen ungdomsskole;Asker (2020 - 2023);53;52;50;;
Holmen skole Grunnskole/Videregående skole;Asker (2020 - 2023);*;*;*;;
Hovedgården ungdomsskole;Asker (2020 - 2023);53;51;49;;
Landøya ungdomsskole;Asker (2020 - 2023);51;51;56;;
Norges Toppidrettsgymnas ungdomsskole Asker AS;Asker (2020 - 2023);49;53;52;;
Risenga ungdomsskole;Asker (2020 - 2023);55;54;55;;
Røyken ungdomsskole;Asker (2020 - 2023);52;51;50;;
Slemmestad ungdomsskole;Asker (2020 - 2023);52;51;49;;
Solvang ungdomsskole;Asker (2020 - 2023);53;55;54;;
Spikkestad ungdomsskole;Asker (2020 - 2023);52;50;49;;
Steinerskolen i Asker skole;Asker (2020 - 2023);46;49;46;;
Steinerskolen i Hurum Sti;Asker (2020 - 2023);42;44;41;;
Stiftelsen Asker International School;Asker (2020 - 2023);65;51;58;;
Sætre ungdomsskole;Asker (2020 - 2023);50;48;48;;
Tofte ungdomsskole;Asker (2020 - 2023);*;*;*;;
Torstad ungdomsskole;Asker (2020 - 2023);52;53;52;;
Vollen ungdomsskole;Asker (2020 - 2023);51;51;52;;
Aurskog-Høland;Aurskog-Høland (2020 - 2023);49;49;48;;
Aurskog-Høland kommune - Aursmoen skole;Aurskog-Høland (2020 - 2023);51;50;49;;
Aurskog-Høland kommune - Bjørkelangen skole;Aurskog-Høland (2020 - 2023);49;50;48;;
Aurskog-Høland kommune - Bråte skole;Aurskog-Høland (2020 - 2023);45;47;48;;
Bærum;Bærum (2020 - 2023);54;54;54;;
Bekkestua skole;Bærum (2020 - 2023);53;53;53;;
Bjørnegård skole;Bærum (2020 - 2023);;53;53;;
Eineåsen skole Avdeling Gommerud;Bærum (2020 - 2023);50;51;51;;
Gjettum skole;Bærum (2020 - 2023);;;;;
Hauger skole;Bærum (2020 - 2023);50;49;50;;
Hosletoppen skole;Bærum (2020 - 2023);54;56;54;;
Hundsund ungdomsskole;Bærum (2020 - 2023);;;;;
Mølladammen ungdomsskole;Bærum (2020 - 2023);;54;;;
Norges Realfagsungdomsskole Sandvika AS;Bærum (2020 - 2023);64;63;67;;
Norges Toppidrettsgymnas ungdomsskole Bærum AS;Bærum (2020 - 2023);51;56;56;;
Oslo International School;Bærum (2020 - 2023);*;*;*;;
Ramstad skole;Bærum (2020 - 2023);;53;53;;
Ringstabekk skole;Bærum (2020 - 2023);55;55;55;;
Skarva skole;Bærum (2020 - 2023);;;;;
Steinerskolen i Bærum Grunnskoleundervisning;Bærum (2020 - 2023);53;56;54;;
Stiftelsen Bærum montessoriskole;Bærum (2020 - 2023);*;*;*;;
Vøyenenga skole;Bærum (2020 - 2023);;;47;;
Østerås skole;Bærum (2020 - 2023);54;55;54;;
Drammen;Drammen (2020 - 2023);51;50;50;;
Akademiet realfagsskole Drammen AS;Drammen (2020 - 2023);57;53;54;;
Børresen ungdomsskole;Drammen (2020 - 2023);53;54;54;;
Eknes ungdomsskole;Drammen (2020 - 2023);50;50;50;;
Galterud ungdomsskole;Drammen (2020 - 2023);49;46;47;;
Gulskogen skole;Drammen (2020 - 2023);51;49;48;;
Killingrud ungdomsskole;Drammen (2020 - 2023);50;48;49;;
Kjøsterud skole;Drammen (2020 - 2023);51;48;48;;
Marienlyst ungdomsskole;Drammen (2020 - 2023);51;51;50;;
Norlights montessoriskole Drammen AS;Drammen (2020 - 2023);*;*;*;;
Rosendal skole;Drammen (2020 - 2023);*;*;*;;
Svelvik ungdomsskole;Drammen (2020 - 2023);50;50;48;;
Svensedammen ungdomsskole;Drammen (2020 - 2023);52;52;52;;
Veiavangen ungdomsskole;Drammen (2020 - 2023);52;50;50;;
Eidsvoll;Eidsvoll (2020 - 2023);49;48;47;;
Feiring skole;Eidsvoll (2020 - 2023);*;*;*;;
Råholt ungdomsskole;Eidsvoll (2020 - 2023);49;48;47;;
Steinerskolen på Eidsvoll;Eidsvoll (2020 - 2023);*;*;*;;
Vilberg ungdomsskole;Eidsvoll (2020 - 2023);*;*;*;;
Enebakk;Enebakk (2020 - 2023);50;47;49;;
Kirkebygden barne- og ungdomsskole;Enebakk (2020 - 2023);49;45;48;;
Mjær ungdomsskole;Enebakk (2020 - 2023);51;50;50;;
Flesberg;Flesberg (2020 - 2023);52;51;51;;
Flesberg skole;Flesberg (2020 - 2023);52;51;51;;
Flå;Flå (2020 - 2023);*;*;*;;
Flå skole;Flå (2020 - 2023);*;*;*;;
Fredrikstad;Fredrikstad (2020 - 2023);49;48;49;;
Begby barne- og ungdomsskole;Fredrikstad (2020 - 2023);48;48;49;;
Borge ungdomsskole;Fredrikstad (2020 - 2023);48;46;49;;
Childrens International School Fredrikstad AS;Fredrikstad (2020 - 2023);62;60;57;;
Cicignon skole;Fredrikstad (2020 - 2023);50;47;48;;
Gressvik ungdomsskole;Fredrikstad (2020 - 2023);48;47;49;;
Gudeberg barne- og ungdomsskole;Fredrikstad (2020 - 2023);49;49;49;;
Haugeåsen ungdomsskole;Fredrikstad (2020 - 2023);47;47;48;;
Kråkerøy ungdomsskole;Fredrikstad (2020 - 2023);49;49;50;;
Kvernhuset ungdomsskole;Fredrikstad (2020 - 2023);49;48;48;;
Råkollen skole avd Råkollen;Fredrikstad (2020 - 2023);;;;;
Steinerskolen i Fredrikstad;Fredrikstad (2020 - 2023);46;46;43;;
Vestbygda ungdomsskole;Fredrikstad (2020 - 2023);47;48;51;;
Wang Fredrikstad AS;Fredrikstad (2020 - 2023);50;52;55;;
Frogn;Frogn (2020 - 2023);51;50;48;;
Drøbak Montessori ungdomsskole AS;Frogn (2020 - 2023);*;*;*;;
Dyrløkkeåsen skole;Frogn (2020 - 2023);52;52;51;;
Seiersten ungdomsskole;Frogn (2020 - 2023);51;50;47;;
Stiftelsen Soon sjøskole;Frogn (2020 - 2023);*;*;*;;
Gjerdrum;Gjerdrum (2020 - 2023);47;48;48;;
Gjerdrum ungdomsskole;Gjerdrum (2020 - 2023);47;48;48;;
Gol;Gol (2020 - 2023);48;50;51;;
Gol skule;Gol (2020 - 2023);48;50;51;;
Halden;Halden (2020 - 2023);48;48;47;;
Halden montessoriskole AS;Halden (2020 - 2023);*;*;*;;
Risum ungdomsskole;Halden (2020 - 2023);*;*;*;;
Rødsberg ungdomsskole;Halden (2020 - 2023);*;*;*;;
Strupe ungdomsskole;Halden (2020 - 2023);49;48;49;;
Hemsedal;Hemsedal (2020 - 2023);49;50;51;;
Hemsedal skole;Hemsedal (2020 - 2023);49;50;51;;
Hol;Hol (2020 - 2023);48;47;47;;
Geilo barne- og ungdomsskole;Hol (2020 - 2023);48;47;47;;
Hole;Hole (2020 - 2023);53;56;55;;
Hole ungdomsskole;Hole (2020 - 2023);*;*;*;;
Tyrifjord barne- og ungdomsskole;Hole (2020 - 2023);*;*;*;;
Hurdal;Hurdal (2020 - 2023);46;48;46;;
Hurdal skole og kultursenter avd skole;Hurdal (2020 - 2023);46;48;46;;
Hvaler;Hvaler (2020 - 2023);51;50;49;;
Hvaler barne- og ungdomsskole;Hvaler (2020 - 2023);51;50;49;;
Indre Østfold;Indre Østfold (2020 - 2023);48;48;49;;
Askim ungdomsskole;Indre Østfold (2020 - 2023);50;48;49;;
Knapstad barne- og ungdomsskole;Indre Østfold (2020 - 2023);*;46;48;;
Mysen ungdomsskole;Indre Østfold (2020 - 2023);49;45;;;
Spydeberg ungdomsskole;Indre Østfold (2020 - 2023);50;51;50;;
Stiftelsen steinerskolen i Indre Østfold;Indre Østfold (2020 - 2023);*;46;40;;
Trøgstad ungdomsskole;Indre Østfold (2020 - 2023);*;48;48;;
Jevnaker;Jevnaker (2020 - 2023);47;48;46;;
Jevnaker ungdomsskole;Jevnaker (2020 - 2023);47;48;46;;
Kongsberg;Kongsberg (2020 - 2023);52;51;52;;
Hvittingfoss barne- og ungdomsskole;Kongsberg (2020 - 2023);51;52;52;;
Skrim ungdomsskole;Kongsberg (2020 - 2023);49;48;49;;
Stiftelsen Kongsberg International School;Kongsberg (2020 - 2023);57;47;53;;
Tislegård ungdomsskole;Kongsberg (2020 - 2023);53;52;54;;
Vestsiden ungdomsskole;Kongsberg (2020 - 2023);51;52;51;;
Krødsherad;Krødsherad (2020 - 2023);53;54;55;;
Krødsherad skole;Krødsherad (2020 - 2023);53;54;55;;
Lier;Lier (2020 - 2023);50;50;49;;
Akademiet ungdomsskole Lier AS;Lier (2020 - 2023);*;*;*;;
Høvik skole;Lier (2020 - 2023);53;53;52;;
Lierbyen skole;Lier (2020 - 2023);*;*;*;;
Sylling skole;Lier (2020 - 2023);49;49;47;;
Tranby skole;Lier (2020 - 2023);*;*;*;;
Lillestrøm;Lillestrøm (2020 - 2023);51;50;50;;
Asak skole;Lillestrøm (2020 - 2023);;;;;
Bingsfoss ungdomsskole;Lillestrøm (2020 - 2023);;;;;
Bråtejordet skole;Lillestrøm (2020 - 2023);42;45;46;;
Frogner skole;Lillestrøm (2020 - 2023);50;49;49;;
Frydenlund skole og ressurssenter;Lillestrøm (2020 - 2023);*;;;;
Kjeller skole;Lillestrøm (2020 - 2023);*;52;53;;
Oks friskole Sti;Lillestrøm (2020 - 2023);*;*;*;;
Romerike steinerskole AS;Lillestrøm (2020 - 2023);*;*;*;;
Sophie Radich skole;Lillestrøm (2020 - 2023);52;53;52;;
Stav skole;Lillestrøm (2020 - 2023);;;47;;
Sten-Tærud skole;Lillestrøm (2020 - 2023);;51;;;
Tæruddalen skole;Lillestrøm (2020 - 2023);;;;;
Østersund ungdomsskole;Lillestrøm (2020 - 2023);;;;;
Lunner;Lunner (2020 - 2023);51;51;51;;
Harestua skole;Lunner (2020 - 2023);55;56;56;;
Lunner ungdomsskole;Lunner (2020 - 2023);48;48;46;;
Lørenskog;Lørenskog (2020 - 2023);52;51;51;;
Fjellsrud skole;Lørenskog (2020 - 2023);52;53;53;;
Hammer skole;Lørenskog (2020 - 2023);55;53;53;;
Kjenn skole;Lørenskog (2020 - 2023);50;49;49;;
Løkenåsen skole;Lørenskog (2020 - 2023);51;50;49;;
Lørenskog friskole;Lørenskog (2020 - 2023);54;53;54;;
Rudolf steinerskolen Lørenskog Sti;Lørenskog (2020 - 2023);50;45;45;;
Wang Romerike AS;Lørenskog (2020 - 2023);51;56;54;;
Marker;Marker (2020 - 2023);46;47;48;;
Marker kommune - Marker skole;Marker (2020 - 2023);46;47;48;;
Modum;Modum (2020 - 2023);;;;;
Nordre Modum ungdomsskole;Modum (2020 - 2023);;;;;
Søndre Modum ungdomsskole;Modum (2020 - 2023);;;;;
Moss;Moss (2020 - 2023);52;51;50;;
Buen barne- og ungdomsskole;Moss (2020 - 2023);43;45;44;;
Bytårnet skole;Moss (2020 - 2023);53;49;49;;
Children's International School Moss AS;Moss (2020 - 2023);61;54;55;;
Hoppern skole;Moss (2020 - 2023);54;53;51;;
Nøkkeland skole;Moss (2020 - 2023);52;50;47;;
Rygge ungdomsskole;Moss (2020 - 2023);51;51;50;;
Steinerskolen i Moss Grunnskole/Adm;Moss (2020 - 2023);47;49;47;;
Torderød skole Adventistkirkens grunnskole;Moss (2020 - 2023);54;52;46;;
Verket skole;Moss (2020 - 2023);51;49;50;;
Nannestad;Nannestad (2020 - 2023);49;48;47;;
Nannestad ungdomsskole;Nannestad (2020 - 2023);49;48;47;;
Nes;Nes (2020 - 2023);50;49;48;;
Hoppensprett Akademiet Brårud AS;Nes (2020 - 2023);*;*;*;;
Romerike International School Sti;Nes (2020 - 2023);*;*;*;;
Runni ungdomsskole;Nes (2020 - 2023);52;50;49;;
Vormsund ungdomsskole;Nes (2020 - 2023);48;48;47;;
Nesbyen;Nesbyen (2020 - 2023);49;49;50;;
Nesbyen ungdomsskole;Nesbyen (2020 - 2023);49;49;50;;
Nesodden;Nesodden (2020 - 2023);52;51;51;;
Alværn ungdomsskole;Nesodden (2020 - 2023);54;53;54;;
Bakkeløkka ungdomsskole;Nesodden (2020 - 2023);50;49;49;;
Rudolf steinerskolen stiftelsen avd Undervisning;Nesodden (2020 - 2023);52;49;45;;
Tangenåsen ungdomsskole;Nesodden (2020 - 2023);52;51;51;;
Nittedal;Nittedal (2020 - 2023);50;51;50;;
Hakadal ungdomsskole;Nittedal (2020 - 2023);49;49;49;;
Li skole;Nittedal (2020 - 2023);50;50;51;;
Nittedal ungdomsskole;Nittedal (2020 - 2023);52;53;51;;
Nordre Follo;Nordre Follo (2020 - 2023);52;51;52;;
Fløysbonn ungdomsskole;Nordre Follo (2020 - 2023);53;53;53;;
Flåtestad ungdomsskole;Nordre Follo (2020 - 2023);51;50;50;;
Follo barne- og ungdomsskole;Nordre Follo (2020 - 2023);;;;;
Haugjordet ungdomsskole;Nordre Follo (2020 - 2023);51;49;50;;
Hellerasten ungdomsskole;Nordre Follo (2020 - 2023);53;53;52;;
Ingieråsen ungdomsskole;Nordre Follo (2020 - 2023);52;53;52;;
Kråkstad skole;Nordre Follo (2020 - 2023);49;51;51;;
Magasinparken ungdomsskole;Nordre Follo (2020 - 2023);52;52;53;;
Siggerud skole;Nordre Follo (2020 - 2023);55;51;51;;
Wang Ung Follo AS;Nordre Follo (2020 - 2023);49;52;54;;
Nore og Uvdal;Nore og Uvdal (2020 - 2023);49;52;48;;
Rødberg skole;Nore og Uvdal (2020 - 2023);49;52;48;;
Rakkestad;Rakkestad (2020 - 2023);48;48;48;;
Rakkestad ungdomsskole;Rakkestad (2020 - 2023);48;48;48;;
Ringerike;Ringerike (2020 - 2023);49;49;49;;
Discovery International School AS;Ringerike (2020 - 2023);*;;;;
Hallingby skole;Ringerike (2020 - 2023);48;48;51;;
Haugsbygd ungdomsskole;Ringerike (2020 - 2023);51;52;53;;
Hov ungdomsskole;Ringerike (2020 - 2023);50;49;48;;
Ringerike Montessori AS;Ringerike (2020 - 2023);*;*;*;;
Ringerike steinerskole Sti;Ringerike (2020 - 2023);*;*;*;;
Sokna skole;Ringerike (2020 - 2023);44;46;49;;
Steinsfjorden montessoriskole SA;Ringerike (2020 - 2023);*;*;*;;
Tyristrand skole;Ringerike (2020 - 2023);48;51;51;;
Veienmarka ungdomsskole;Ringerike (2020 - 2023);49;48;48;;
Rollag;Rollag (2020 - 2023);*;*;*;;
Veggli skole;Rollag (2020 - 2023);*;*;*;;
Rælingen;Rælingen (2020 - 2023);49;51;49;;
Marikollen ungdomsskole;Rælingen (2020 - 2023);49;50;49;;
Sandbekken ungdomsskole og oppvekstsenter;Rælingen (2020 - 2023);50;51;49;;
Råde;Råde (2020 - 2023);47;46;48;;
Råde kommune Råde ungdomsskole;Råde (2020 - 2023);47;46;48;;
Sarpsborg;Sarpsborg (2020 - 2023);50;49;49;;
Childrens International School Sarpsborg AS;Sarpsborg (2020 - 2023);*;*;*;;
Grålum ungdomsskole;Sarpsborg (2020 - 2023);47;48;48;;
Hafslund ungdomsskole;Sarpsborg (2020 - 2023);49;46;48;;
Kruseløkka ungdomsskole;Sarpsborg (2020 - 2023);50;48;48;;
Olavsborg Kristne skole;Sarpsborg (2020 - 2023);*;*;*;;
Sandbakken barne- og ungdomsskole;Sarpsborg (2020 - 2023);50;49;48;;
Tindlund ungdomsskole;Sarpsborg (2020 - 2023);51;50;50;;
Varteig barne- og ungdomsskole;Sarpsborg (2020 - 2023);50;49;52;;
Sigdal;Sigdal (2020 - 2023);46;48;50;;
Sigdal ungdomsskole;Sigdal (2020 - 2023);46;48;50;;
Skiptvet;Skiptvet (2020 - 2023);48;47;51;;
Kirkelund skole;Skiptvet (2020 - 2023);48;47;51;;
Ullensaker;Ullensaker (2020 - 2023);49;48;48;;
Allergot ungdomsskole;Ullensaker (2020 - 2023);50;48;49;;
Gystadmarka ungdomsskole;Ullensaker (2020 - 2023);50;49;49;;
Hoppensprett Akademiet AS avd ungdomsskole;Ullensaker (2020 - 2023);48;49;49;;
Nordby ungdomsskole;Ullensaker (2020 - 2023);46;45;46;;
Vesong ungdomsskole;Ullensaker (2020 - 2023);50;50;48;;
Vestby;Vestby (2020 - 2023);50;50;49;;
Grevlingen skole;Vestby (2020 - 2023);51;51;51;;
Vestby ungdomsskole;Vestby (2020 - 2023);50;48;48;;
Våler (Viken);Våler (Viken) (2020 - 2023);48;48;48;;
Våler ungdomsskole;Våler (Viken) (2020 - 2023);48;48;48;;
Øvre Eiker;Øvre Eiker (2020 - 2023);51;49;51;;
Hokksund ungdomsskole;Øvre Eiker (2020 - 2023);52;50;53;;
Skotselv skole;Øvre Eiker (2020 - 2023);49;48;48;;
Vestfossen ungdomsskole;Øvre Eiker (2020 - 2023);50;49;50;;
Ål;Ål (2020 - 2023);47;50;52;;
Ål ungdomsskule;Ål (2020 - 2023);47;50;52;;
Ås;Ås (2020 - 2023);50;52;49;;
Nordbytun ungdomsskole;Ås (2020 - 2023);*;*;*;;
Steinerskolen i Ås;Ås (2020 - 2023);*;*;*;;
Ås ungdomsskole;Ås (2020 - 2023);*;*;*;;
