EnhetNavn;Kommune;Engelsk;Lesing;Regning;lat;lng
Arendal International School (Ais);Arendal;57;48;49;;
Asdal skole;Arendal;48;47;48;;
Birkenlund skole;Arendal;50;49;48;;
Hisøy skole 1-10 Skoler;Arendal;54;54;54;;
Moltemyr skole;Arendal;49;47;45;;
Nedenes skole;Arendal;51;51;51;;
Roligheden skole Barne-/Ungdomstrinnet;Arendal;50;51;50;;
St. Franciskus skole;Arendal;49;49;48;;
Stiftelsen steinerskolen i Arendal;Arendal;46;51;46;;
Stinta skole barne- og Ungdomstrinnet;Arendal;50;49;49;;
Stuenes skole barne- og Ungdomstrinn;Arendal;48;46;48;;
Engesland skole;Birkenes;*;*;*;;
Valstrand skole;Birkenes;*;*;*;;
Bygland skule;Bygland;43;45;*;;
Bykle barne- og ungdomsskule;Bykle;57;58;58;;
Evje ungdomsskule;Evje og Hornnes;48;48;49;;
Farsund ungdomsskole;Farsund;55;47;54;;
Lista ungdomsskole;Farsund;48;47;47;;
Flekkefjord ungdomsskole;Flekkefjord;49;48;50;;
Froland ungdomsskole;Froland;49;49;49;;
Abel skole;Gjerstad;48;49;49;;
Drottningborg ungdomsskole AS;Grimstad;51;48;50;;
Fevik skole;Grimstad;49;47;48;;
Grimstad ungdomsskole;Grimstad;48;48;49;;
Holviga ungdomsskole;Grimstad;51;51;48;;
Iveland skole;Iveland;42;42;41;;
Finsland skole;Kristiansand;48;*;*;;
Fiskå skole;Kristiansand;48;45;46;;
Grim skole;Kristiansand;50;49;47;;
Haumyrheia skole;Kristiansand;52;49;50;;
Havlimyra skole;Kristiansand;50;48;49;;
Hellemyr skole Kompetanse;Kristiansand;;;;;
Holte skole;Kristiansand;49;50;53;;
Karuss skole;Kristiansand;49;45;46;;
Kristiansand Internasjonale skole;Kristiansand;51;*;*;;
Krossen skole - Kompetanse;Kristiansand;;;;;
Lindebøskauen skole;Kristiansand;48;50;50;;
Møvig skole;Kristiansand;50;47;48;;
Oasen skole Birkelid AS;Kristiansand;56;55;52;;
Oasen skole Strømme AS grunnskole;Kristiansand;49;43;48;;
Oasen skole Vågsbygd AS;Kristiansand;*;*;*;;
Oddemarka skole;Kristiansand;50;50;50;;
Samfundets skole Sentrum;Kristiansand;49;54;55;;
Songdalen skole;Kristiansand;47;46;44;;
Stiftelsen steinerskolen i Kristiansand;Kristiansand;*;*;*;;
Tangvall skole;Kristiansand;50;49;49;;
Tinntjønn skole;Kristiansand;46;46;46;;
Torridal skole;Kristiansand;48;47;49;;
Ve skole;Kristiansand;52;49;49;;
Vigvoll skole;Kristiansand;50;47;49;;
Kvinesdal ungdomsskole;Kvinesdal;*;*;*;;
Kvinlog skule;Kvinesdal;*;*;*;;
Lillesand kommune - Høvåg skole;Lillesand;53;50;53;;
Lillesand kommune - Lillesand ungdomsskole;Lillesand;50;50;49;;
Blomdalen ungdomsskole;Lindesnes;48;49;49;;
Oasen skole Mandal AS;Lindesnes;45;44;45;;
Vassmyra ungdomsskole;Lindesnes;45;45;46;;
Vigeland ungdomsskole;Lindesnes;47;46;47;;
Øyslebø skole;Lindesnes;46;46;46;;
Byremo ungdomsskole;Lyngdal;*;*;*;;
Lyngdal ungdomsskole;Lyngdal;*;*;*;;
Stiftelsen Lyngdal Kristne grunnskole;Lyngdal;*;*;*;;
Risør ungdomsskole;Risør;51;47;47;;
Sinnes skule;Sirdal;*;*;*;;
Tonstad skule;Sirdal;*;*;*;;
Lyngmyr skole;Tvedestrand;50;49;50;;
Valle skule;Valle;49;51;49;;
Vegårshei skule;Vegårshei;49;47;51;;
Oasen skole Vennesla AS;Vennesla;*;*;*;;
Skarpengland skole;Vennesla;*;*;*;;
Vennesla ungdomsskole;Vennesla;*;*;*;;
Åmli skule;Åmli;48;52;54;;
Åseral barne- og ungdomsskule;Åseral;43;41;47;;
Alvdal ungdomsskole;Alvdal;45;48;47;;
Dovre ungdomsskole;Dovre;47;46;46;;
Eidskog ungdomsskole;Eidskog;48;45;45;;
Elverum ungdomsskole;Elverum;51;49;49;;
Engerdal barne- og ungdomsskole;Engerdal;48;51;48;;
Etnedal skule;Etnedal;*;*;*;;
Folldal skole;Folldal;46;45;49;;
Gausdal ungdomsskole;Gausdal;45;46;44;;
Biri ungdomsskole;Gjøvik;*;45;43;;
Bjørnsveen ungdomsskole;Gjøvik;51;52;51;;
Kopperud skole;Gjøvik;52;50;49;;
Snertingdal skole;Gjøvik;*;44;46;;
Steinerskolen Gjøvik-Toten;Gjøvik;*;41;43;;
Vardal ungdomsskole;Gjøvik;49;48;46;;
Bjoneroa skole;Gran;*;*;*;;
Brandbu ungdomsskole;Gran;50;48;46;;
Gran ungdomsskole;Gran;*;*;*;;
Grue barne- og ungdomsskole;Grue;47;47;46;;
Ajer ungdomsskole;Hamar;53;52;49;;
Børstad ungdomsskole;Hamar;53;50;49;;
Ener ungdomsskole;Hamar;50;51;49;;
Hamar Montessori skole Sti;Hamar;*;*;*;;
Wang Hamar AS;Hamar;*;*;*;;
Austmarka barne- og ungdomsskole;Kongsvinger;*;*;*;;
Kongsvinger montessoriskole SA;Kongsvinger;*;*;*;;
Kongsvinger ungdomsskole;Kongsvinger;*;*;*;;
Norges Toppidrettsgymnas ungdomsskole Kongsvinger AS;Kongsvinger;*;*;*;;
Lesja skule;Lesja;*;*;*;;
Lesjaskog skule;Lesja;*;*;*;;
Engesvea barne- og ungdomsskole;Lillehammer;*;*;*;;
Hammartun skole;Lillehammer;53;47;49;;
Norges Toppidrettsgymnas ungdomsskole Lillehammer AS;Lillehammer;47;48;50;;
Smestad ungdomsskole;Lillehammer;50;50;50;;
Stiftelsen Lillehammer steinerskole;Lillehammer;*;*;*;;
Åretta ungdomsskole;Lillehammer;49;50;49;;
Lom ungdomsskule;Lom;51;52;52;;
Hedemarken friskole;Løten;51;52;*;;
Løten ungdomsskole;Løten;46;45;*;;
Nord-Aurdal ungdomsskole;Nord-Aurdal;*;50;*;;
Valdres montessoriskule SA;Nord-Aurdal;*;;*;;
Vinstra ungdomsskole;Nord-Fron;47;47;47;;
Nord-Odal ungdomsskole;Nord-Odal;47;48;46;;
Nordre Land kommune 0-24 Torpa barne- og ungdomsskole;Nordre Land;50;52;51;;
Nordre Land kommune Dokka barne- og ungdomsskole;Nordre Land;49;49;47;;
Os skole;Os;50;52;48;;
Fagertun skole;Rendalen;42;46;45;;
Ringebu ungdomsskole;Ringebu;45;47;46;;
Brumunddal ungdomsskole;Ringsaker;48;45;45;;
Brøttum barne- og ungdomsskole;Ringsaker;47;49;47;;
Furnes ungdomsskole;Ringsaker;47;47;45;;
Moelv ungdomsskole;Ringsaker;48;46;47;;
Nes ungdomsskole;Ringsaker;47;47;43;;
Heidal skule;Sel;48;51;47;;
Otta ungdomsskole;Sel;47;47;45;;
Skjåk barne- og ungdomsskule;Skjåk;45;46;46;;
Ottestad ungdomsskole;Stange;51;50;48;;
Romedal ungdomsskole;Stange;48;49;48;;
Stange ungdomsskole;Stange;51;50;48;;
Steinerskolen på Hedemarken avd grunnskolen Ottestad;Stange;43;43;45;;
Stor-Elvdal ungdomsskole;Stor-Elvdal;49;52;56;;
Søndre Land ungdomsskole;Søndre Land;48;48;45;;
Hedalen barne- og ungdomsskole;Sør-Aurdal;*;*;*;;
Sør-Aurdal ungdomsskole;Sør-Aurdal;*;*;*;;
Sør-Fron ungdomsskule;Sør-Fron;47;46;45;;
Glommasvingen skole;Sør-Odal;49;48;47;;
Tolga skole;Tolga;48;52;51;;
Trysil ungdomsskole;Trysil;49;48;49;;
Kvikne skole;Tynset;*;*;*;;
Tynset ungdomsskole;Tynset;*;*;*;;
Vang barne- og ungdomsskule;Vang;47;47;46;;
Vestre Slidre skule;Vestre Slidre;51;51;48;;
Vestre Toten ungdomsskole;Vestre Toten;49;49;48;;
Vågå ungdomsskule;Vågå;49;50;47;;
Våler barne- og ungdomsskole;Våler (Innlandet);46;48;44;;
Lena ungdomsskole;Østre Toten;50;50;50;;
Skreia ungdomsskole;Østre Toten;49;49;48;;
Øyer ungdomsskole;Øyer;50;48;46;;
Øystre Slidre ungdomsskule;Øystre Slidre;47;48;47;;
Åmot Barne og ungdomsskole;Åmot;47;45;45;;
Åsnes ungdomsskole;Åsnes;49;48;48;;
Gossen barne- og ungdomsskole avd skole;Aukra;49;48;47;;
Julsundet skole;Aukra;48;49;46;;
Aure barne- og ungdomsskole;Aure;*;*;*;;
Tustna barne- og ungdomsskole;Aure;*;*;*;;
Averøy ungdomsskole;Averøy;47;45;48;;
Eidsdal skule;Fjord;*;*;*;;
Stordal skule;Fjord;*;*;*;;
Valldal skule;Fjord;56;56;50;;
Giske ungdomsskule;Giske;52;49;49;;
Batnfjord skule;Gjemnes;53;51;50;;
Hareid ungdomsskule;Hareid;49;47;49;;
Herøy ungdomsskule;Herøy (Møre og Romsdal);51;*;49;;
Møre barne- og ungdomsskule;Herøy (Møre og Romsdal);49;46;48;;
Stokksund barne- og ungdomsskule;Herøy (Møre og Romsdal);51;*;49;;
Bud skule;Hustadvika;*;*;*;;
Eide ungdomsskole;Hustadvika;49;48;48;;
Fræna ungdomsskule;Hustadvika;50;47;50;;
Hustad skole;Hustadvika;*;*;*;;
Atlanten ungdomsskole;Kristiansund;51;48;47;;
Frei ungdomsskole;Kristiansund;51;49;49;;
Nordlandet ungdomsskole;Kristiansund;49;47;48;;
Bekkevoll ungdomsskole;Molde;50;50;50;;
Bergmo ungdomsskole;Molde;50;49;49;;
Eidsvåg barne- og ungdomsskole;Molde;48;50;47;;
Eresfjord barne- og ungdomsskule;Molde;*;*;*;;
Midsund skule;Molde;50;51;51;;
Molde friskole;Molde;*;*;*;;
Sekken oppvekstsenter skole;Molde;*;*;*;;
Skjevik barne- og ungdomsskole;Molde;50;46;46;;
Tøndergård skole og ressurssenter;Molde;*;*;*;;
Vågsetra barne- og ungdomsskole;Molde;50;49;48;;
Måndalen barne- og ungdomsskule;Rauma;50;48;51;;
Åfarnes barne- og ungdomsskole;Rauma;54;49;52;;
Åndalsnes ungdomsskole;Rauma;49;48;53;;
Gursken oppvekstsenter avd skule;Sande;*;*;*;;
Kvamsøy barne- og ungdomsskule;Sande;*;*;*;;
Smøla ungdomsskole;Smøla;49;48;49;;
Geiranger skule;Stranda;*;*;*;;
Stranda ungdomsskule;Stranda;55;52;55;;
Sunnylven skule;Stranda;*;*;*;;
Sula ungdomsskule;Sula;49;46;49;;
Sunndal ungdomsskole;Sunndal;50;49;49;;
Surnadal barne- og ungdomsskule;Surnadal;48;46;47;;
Sykkylven ungdomsskule;Sykkylven;49;45;49;;
Straumsnes barne- og ungdomsskole;Tingvoll;39;42;41;;
Tingvoll barne- og ungdomsskole;Tingvoll;49;45;46;;
Ulstein ungdomsskule;Ulstein;49;48;47;;
Myklebust skule;Vanylven;47;48;44;;
Åheim skule;Vanylven;49;46;50;;
Helland ungdomsskule;Vestnes;47;43;46;;
Tomrefjord skule;Vestnes;52;47;51;;
Dalsfjord skule;Volda;*;*;*;;
Folkestad skule;Volda;*;*;*;;
Hornindal skule;Volda;53;53;52;;
Volda ungdomsskule;Volda;48;47;49;;
Sæbø skule;Ørsta;*;*;*;;
Vartdal skule;Ørsta;*;*;*;;
Ørsta ungdomsskule;Ørsta;49;48;49;;
Ålesund;Ålesund (2020 - 2023);49;47;48;;
Blindheim ungdomsskole;Ålesund (2020 - 2023);46;46;47;;
Brattvåg ungdomsskule;Ålesund (2020 - 2023);46;46;46;;
Ellingsøy barne- og ungdomsskole;Ålesund (2020 - 2023);49;47;48;;
Haramsøy barne- og ungdomsskule;Ålesund (2020 - 2023);52;46;50;;
Harøy skule;Ålesund (2020 - 2023);50;50;48;;
Hildre montessoriskule SA;Ålesund (2020 - 2023);*;*;*;;
Kolvikbakken ungdomsskole;Ålesund (2020 - 2023);52;49;51;;
Møre barne- og ungdomsskule Skodje AS;Ålesund (2020 - 2023);44;45;46;;
Skarbøvik ungdomsskole;Ålesund (2020 - 2023);45;41;43;;
Skodje barne- og ungdomsskole avd ungdomsskole;Ålesund (2020 - 2023);51;48;45;;
Spjelkavik ungdomsskole;Ålesund (2020 - 2023);49;47;48;;
Steinerskolen Ålesund;Ålesund (2020 - 2023);*;*;*;;
Stiftelsen Møre barne- og Ungdomsskule, Ålesund;Ålesund (2020 - 2023);50;50;52;;
Vatne ungdomsskule;Ålesund (2020 - 2023);49;47;46;;
Ørskog skule;Ålesund (2020 - 2023);48;44;46;;
Aalesund International School Sti;Ålesund (2020 - 2023);60;57;54;;
Sandnessjøen ungdomsskole;Alstahaug;49;48;47;;
Søvik oppvekstsenter avd skole;Alstahaug;*;*;*;;
Tjøtta oppvekstsenter avd skole;Alstahaug;*;*;*;;
Andenes skole;Andøy;*;51;48;;
Risøyhamn skole;Andøy;*;45;44;;
Beiarn barne- og ungdomsskole;Beiarn;*;*;*;;
Bindalseidet skole SA;Bindal;*;*;*;;
Terråk skole;Bindal;*;*;*;;
Alberthaugen skole;Bodø;*;*;*;;
Alstad ungdomsskole;Bodø;53;50;48;;
Bankgata ungdomsskole;Bodø;49;47;49;;
Bodøsjøen skole;Bodø;54;50;47;;
Hunstad ungdomsskole;Bodø;50;50;49;;
Kjerringøy oppvekstsenter avd skole;Bodø;*;*;*;;
Løpsmark skole;Bodø;53;48;54;;
Misvær oppvekstsenter avd skole;Bodø;*;*;*;;
Norges Toppidrettsgymnas ungdomsskole Bodø AS;Bodø;*;*;*;;
Rønvik skole;Bodø;53;50;49;;
Saltstraumen skole;Bodø;*;*;*;;
Saltvern skole;Bodø;52;50;50;;
Skolen i Væran avd skole;Bodø;*;*;*;;
St Eysteins skole;Bodø;*;*;*;;
Tverlandet skole;Bodø;49;50;48;;
Brønnøysund barneskole;Brønnøy;50;49;51;;
Brønnøysund ungdomsskole;Brønnøy;*;*;*;;
Hilstad Barne-Og ungdomsskole;Brønnøy;*;*;*;;
Bø ungdomsskole;Bø;49;44;43;;
Dønna barne- og ungdomsskole;Dønna;*;*;*;;
Løkta oppvekstsenter avd skole;Dønna;*;*;*;;
Evenes skole;Evenes - Evenᚚi;51;52;52;;
Sulitjelma skole;Fauske - Fuossko;*;*;*;;
Valnesfjord skole;Fauske - Fuossko;*;*;*;;
Vestmyra skole;Fauske - Fuossko;49;47;46;;
Flakstad barne- og ungdomsskole;Flakstad;*;*;*;;
Vikten skole;Flakstad;*;*;*;;
Inndyr skole avd skole;Gildeskål;*;*;*;;
Nygårdsjøen oppvekstsenter avd skole;Gildeskål;*;*;*;;
Sandhornøy skole;Gildeskål;*;*;*;;
Sørarnøy skole og barnehage avd skole;Gildeskål;*;*;*;;
Grane barne- og ungdomsskole;Grane;50;46;46;;
Drag skole;Hábmer - Hamarøy;*;*;45;;
Hamarøy montessoriskole;Hábmer - Hamarøy;*;*;*;;
Oppeid skole;Hábmer - Hamarøy;*;*;*;;
Melbu skole;Hadsel;56;54;54;;
Stokmarknes skole;Hadsel;52;50;50;;
Hemnes sentralskole;Hemnes;55;53;54;;
Korgen sentralskole;Hemnes;48;48;50;;
Herøy skole;Herøy (Nordland);51;45;49;;
Leirfjord barne- og ungdomsskole;Leirfjord;50;47;47;;
Konsvik oppvekstsenter avd skole;Lurøy;*;*;*;;
Kvarøy oppvekstsenter skole;Lurøy;*;*;*;;
Lovund skole;Lurøy;*;*;*;;
Onøy Lurøy oppvekstsenter avd skole;Lurøy;*;*;*;;
Sleneset oppvekstsenter skole;Lurøy;*;*;*;;
Lødingen skole;Lødingen;*;*;*;;
Vestbygd skole;Lødingen;*;*;*;;
Enga skole;Meløy;*;*;*;;
Glomfjord skole;Meløy;46;43;42;;
Meløy oppvekstsenter avd skole;Meløy;*;*;*;;
Neverdal Enspire skole AS;Meløy;*;*;*;;
Ørnes skole;Meløy;;47;47;;
Sørvågen skole;Moskenes;*;*;*;;
Ballangen skole;Narvik;*;*;47;;
Kjøpsvik skole;Narvik;*;*;*;;
Narvik ungdomsskole;Narvik;52;49;*;;
Skjomen skole;Narvik;*;*;*;;
Nesna skole avd Nesna;Nesna;57;51;55;;
Rana ungdomsskole;Rana - Raane;49;47;48;;
Storforshei barne- og ungdomsskole;Rana - Raane;*;*;*;;
Utskarpen barne- og ungdomsskole;Rana - Raane;*;*;*;;
Jektvik skole;Rødøy;*;*;*;;
Nesøy skole;Rødøy;*;*;*;;
Rødøy skole;Rødøy;*;*;*;;
Tjongsfjord skole;Rødøy;*;*;*;;
Øresvik skole;Rødøy;*;*;*;;
Røst barne- og ungdomsskole;Røst;*;*;*;;
Rognan ungdomsskole;Saltdal;50;49;48;;
Røkland skole grunnskolen;Saltdal;46;50;47;;
Sortland ungdomsskole;Sortland - Suortá;48;47;46;;
Steigenskolen Leinesfjord;Steigen;46;46;45;;
Vik skole;Sømna;51;52;54;;
Nordsia oppvekstsenter skole;Sørfold - Fuolldá;*;*;*;;
Straumen skole;Sørfold - Fuolldá;*;*;*;;
Granmoen skole;Vefsn;53;52;50;;
Kippermoen ungdomsskole;Vefsn;48;47;46;;
Vega barne- og ungdomsskole;Vega;50;47;47;;
Ballstad skole;Vestvågøy;50;48;48;;
Bøstad skole;Vestvågøy;*;*;*;;
Leknes skole;Vestvågøy;47;46;47;;
Opdøl montessoriskole Barne og ungdomsskole;Vestvågøy;45;42;*;;
Svarholt skole;Vestvågøy;*;*;*;;
Vevelstad sentralskole;Vevelstad;*;*;*;;
Værøy skole;Værøy;*;;*;;
Digermulen skole;Vågan;*;*;*;;
Gimsøy skole;Vågan;*;*;*;;
Henningsvær skole;Vågan;*;*;*;;
Kabelvåg skole;Vågan;43;44;44;;
Laukvik skole;Vågan;*;*;*;;
Laupstad skole;Vågan;*;*;*;;
Skrova skole;Vågan;*;*;*;;
Strauman oppvekstsenter;Vågan;*;*;*;;
Svolvær skole;Vågan;48;50;48;;
Ørsnes privatskole;Vågan;*;*;*;;
Myre skole;Øksnes;49;48;50;;
Hattfjelldal oppvekstsenter avd skole;Aarborte - Hattfjelldal;50;47;47;;
Abildsø skole;Oslo;54;54;53;;
Akademiet realfagsskole Oslo AS;Oslo;60;58;54;;
Apalløkka skole;Oslo;51;48;47;;
Bjørnholt ungdomsskole;Oslo;49;46;44;;
Bjørnsletta skole;Oslo;56;55;55;;
Bjøråsen skole;Oslo;47;45;44;;
Brannfjell skole;Oslo;55;55;54;;
Bøler skole;Oslo;56;55;55;;
Den Tysk-Norske skolen i Oslo Avd grunnskole Sporveisgata;Oslo;60;56;58;;
Ellingsrud skole;Oslo;50;46;45;;
Engebråten skole;Oslo;56;56;56;;
Fagerborg skole;Oslo;55;56;51;;
Frydenberg skole;Oslo;51;49;50;;
Fyrstikkalleen skole;Oslo;53;51;51;;
Granstangen skole;Oslo;48;44;44;;
Groruddalen skole;Oslo;49;45;44;;
Haugenstua skole;Oslo;49;46;46;;
Haugerud skole;Oslo;50;46;47;;
Hauketo skole;Oslo;52;50;50;;
Haukåsen skole;Oslo;;;;;
Holmlia skole;Oslo;50;48;48;;
Hovseter skole;Oslo;55;55;55;;
Høyenhall skole;Oslo;53;50;50;;
Jordal skole;Oslo;52;50;48;;
Karlsrud skole;Oslo;54;52;50;;
Kastellet skole;Oslo;52;53;52;;
Kristelig gymnasium AS grunnskole;Oslo;56;55;55;;
Lambertseter skole;Oslo;52;51;50;;
Lindeberg skole;Oslo;51;48;50;;
Linderud skole;Oslo;49;44;44;;
Ljabruskolen - steinerskole for Elever Med Spesielle Behov Sti;Oslo;;;;;
Lofsrud skole;Oslo;47;45;47;;
Lycee Francais Rene Cassin Doslo;Oslo;57;48;52;;
Lønnebakken skole;Oslo;*;;;;
Majorstuen skole;Oslo;55;54;53;;
Manglerud skole;Oslo;51;50;51;;
Marienlyst skole;Oslo;58;57;56;;
Midtstuen skole;Oslo;58;56;58;;
Morellbakken skole;Oslo;56;55;54;;
Nordberg skole;Oslo;55;56;57;;
Nordpolen skole;Oslo;55;51;50;;
Nordseter skole;Oslo;55;55;53;;
Nordstrand ungdomsskole;Oslo;54;54;55;;
Norlights International School Oslo AS;Oslo;62;46;49;;
Nyskolen i Oslo grunnskole;Oslo;*;*;*;;
Oppsal skole;Oslo;53;51;51;;
Oslo kommune Språksenteret;Oslo;*;;;;
Oslo montessoriskole;Oslo;57;59;55;;
Ris skole;Oslo;56;56;57;;
Rommen skole;Oslo;49;43;45;;
Rudolf steinerskolen i Oslo Sti;Oslo;49;50;44;;
Ruseløkka skole;Oslo;56;55;54;;
Ryenberget skole;Oslo;49;50;48;;
Sagene skole;Oslo;52;49;48;;
Skullerud skole;Oslo;51;48;48;;
Skøyenåsen skole;Oslo;54;55;54;;
Sofienberg skole;Oslo;52;48;48;;
St Sunniva skole avd Undervisning;Oslo;57;52;53;;
Stasjonsfjellet skole;Oslo;53;51;53;;
Steinerskolen på Nordstrand;Oslo;51;50;48;;
Stiftelsen montessoriskolen Lyse;Oslo;*;*;*;;
Teglverket skole;Oslo;53;49;48;;
Tokerud skole;Oslo;48;44;46;;
Ullevålsveien skole;Oslo;;;;;
Uranienborg skole;Oslo;55;54;54;;
Veitvet skole;Oslo;50;46;45;;
Vestre Aker skole;Oslo;;*;;;
Vetland skole grunnskole;Oslo;*;*;*;;
Voksentoppen skole;Oslo;;;*;;
Voldsløkka skole;Oslo;55;54;53;;
Vollebekk skole;Oslo;53;52;51;;
Wang Ung Oslo AS;Oslo;53;57;57;;
Øraker skole;Oslo;54;53;54;;
Østmarka skole;Oslo;53;51;52;;
Årvoll skole;Oslo;53;53;51;;
Vikeså skule;Bjerkreim;48;48;50;;
Bokn skule;Bokn;46;41;40;;
Gamleveien skole;Eigersund;*;*;*;;
Hellvik skole;Eigersund;*;*;*;;
Husabø ungdomsskole;Eigersund;*;*;*;;
Lagård ungdomsskole;Eigersund;49;46;48;;
Samfundets skole Egersund;Eigersund;*;*;*;;
Dirdal skole;Gjesdal;49;50;46;;
Gjesdal ungdomsskole;Gjesdal;*;*;*;;
Kongstun Kristne friskole;Gjesdal;*;*;*;;
Oltedal skole;Gjesdal;*;*;*;;
Danielsen ungdomsskole Haugalandet AS;Haugesund;48;49;47;;
Haraldsvang skole;Haugesund;51;49;49;;
Hauge skole;Haugesund;*;*;*;;
Haugesund Toppidrettsgymnas AS;Haugesund;51;52;52;;
Håvåsen skole;Haugesund;51;48;48;;
Røvær skole;Haugesund;*;*;*;;
Skåredalen skole;Haugesund;54;50;52;;
Steinerskolen i Haugesund;Haugesund;48;44;44;;
Hjelmeland skule;Hjelmeland;51;49;50;;
Nærbø ungdomsskule;Hå;49;46;47;;
Ogna skule;Hå;47;46;48;;
Tryggheim ungdomsskule;Hå;47;47;50;;
Varhaug ungdomsskule;Hå;50;49;53;;
Vigrestad storskule;Hå;48;43;46;;
Bø ungdomsskole;Karmøy;48;45;46;;
Danielsen ungdomsskole Karmøy AS;Karmøy;48;49;48;;
Haugesund International School Sti;Karmøy;53;48;53;;
Skudenes ungdomsskole;Karmøy;50;46;48;;
Stangeland ungdomsskole;Karmøy;51;46;47;;
Vormedal ungdomsskole;Karmøy;50;47;47;;
Åkra ungdomsskole;Karmøy;48;45;44;;
Bore ungdomsskule;Klepp;53;49;51;;
Klepp ungdomsskule;Klepp;47;45;49;;
Orstad skule;Klepp;53;50;53;;
Kvitsøy skole;Kvitsøy;*;*;*;;
Lund ungdomsskole;Lund;47;46;48;;
Goa skole;Randaberg;50;50;50;;
Grødem skole;Randaberg;54;49;51;;
Harestad skole;Randaberg;50;50;51;;
Bogafjell ungdomsskole;Sandnes;51;49;50;;
Figgjo skole;Sandnes;50;48;50;;
Forsand skule;Sandnes;49;*;*;;
Forus friskole - Bus;Sandnes;52;50;49;;
Giske ungdomsskole;Sandnes;52;49;50;;
Høle barne- og ungdomsskule;Sandnes;53;*;*;;
Høyland ungdomsskole;Sandnes;52;50;51;;
Lundehaugen ungdomsskole;Sandnes;50;48;50;;
Lurahammaren ungdomsskole;Sandnes;52;48;47;;
Riska ungdomsskole;Sandnes;51;50;49;;
Sandnes friskole AS;Sandnes;49;49;53;;
Sandnes International School AS;Sandnes;*;*;*;;
Skeiane ungdomsskole;Sandnes;51;50;50;;
Vatneli skole;Sandnes;*;*;*;;
Wang Ung Sandnes AS;Sandnes;50;51;52;;
Øygard ungdomsskole;Sandnes;51;47;48;;
Sauda ungdomsskule;Sauda;51;50;49;;
Sokndal skole;Sokndal;52;52;49;;
Dysjaland skule;Sola;50;46;47;;
Kjerrberget ungdomsskole;Sola;53;49;50;;
Sola ungdomsskole;Sola;53;51;51;;
Tananger ungdomsskole;Sola;49;48;46;;
Auglend skole;Stavanger;*;*;*;;
Austbø skole;Stavanger;50;47;46;;
Biss Gausel Sti;Stavanger;61;47;52;;
Biss Sentrum AS;Stavanger;63;48;55;;
Finnøy skule;Stavanger;50;*;*;;
Gautesete skole;Stavanger;52;49;50;;
Gosen skole;Stavanger;52;50;49;;
Hinna skole;Stavanger;52;50;49;;
Johannes læringssenter Flerspråklige Barn;Stavanger;*;;;;
Kannik skole;Stavanger;54;50;51;;
Kristen friskole AS;Stavanger;*;*;*;;
Kristianslyst skole;Stavanger;52;50;52;;
Lunde skole;Stavanger;51;47;45;;
Norlights montessoriskole Stavanger AS;Stavanger;*;*;*;;
Rennesøy skule;Stavanger;51;49;51;;
Revheim skole;Stavanger;50;48;50;;
Smiodden skole;Stavanger;50;46;48;;
St. Svithun skole;Stavanger;51;49;49;;
Stavanger Kristne grunnskole;Stavanger;*;*;*;;
Steinerskolen Stavanger grunnskole;Stavanger;51;47;45;;
Tastarustå skole;Stavanger;51;49;49;;
Tastaveden skole;Stavanger;51;48;49;;
Ullandhaug skole;Stavanger;53;48;50;;
Wang Ung Stavanger AS;Stavanger;54;55;57;;
Jørpeland ungdomsskole;Strand;48;46;48;;
Kfskolen - Jørpeland;Strand;47;48;48;;
Tau ungdomsskole;Strand;48;43;46;;
Tryggheim Strand AS;Strand;45;48;45;;
Sand skule avd skule;Suldal;47;49;50;;
Bryne ungdomsskule;Time;48;44;46;;
Frøyland ungdomsskule;Time;*;*;*;;
Jærtun Lutherske friskule;Time;*;*;*;;
Lye ungdomsskule;Time;*;*;*;;
Vardheia ungdomsskule;Time;51;49;48;;
Frakkagjerd ungdomsskole;Tysvær;48;48;47;;
Nedstrand barne- og ungdomsskule;Tysvær;53;53;52;;
Tysværvåg barne- og ungdomsskule;Tysvær;48;46;45;;
Utsira skole;Utsira;*;*;*;;
Skjold skule;Vindafjord;47;49;49;;
Vikedal skule;Vindafjord;49;50;50;;
Ølen skule;Vindafjord;49;46;49;;
Troms og Finnmark - Romsa ja Finnmárku - Tromssa ja Finmarkku;Alle kommuner;50;47;48;;
Alta;Alta (2020 - 2023);47;46;46;;
Alta Kristne grunnskole SA;Alta (2020 - 2023);*;*;*;;
Alta ungdomsskole;Alta (2020 - 2023);47;46;46;;
Haldde montessoriskole SA;Alta (2020 - 2023);*;*;*;;
Kvalfjord skole;Alta (2020 - 2023);*;*;*;;
Rafsbotn skole;Alta (2020 - 2023);*;*;*;;
Sandfallet ungdomsskole;Alta (2020 - 2023);47;46;46;;
Talvik skole;Alta (2020 - 2023);*;*;*;;
Tverrelvdalen skole;Alta (2020 - 2023);48;47;49;;
Balsfjord;Balsfjord (2020 - 2023);49;45;46;;
Laksvatn oppvekstsenter avd skole;Balsfjord (2020 - 2023);*;*;*;;
Malangen skole;Balsfjord (2020 - 2023);*;*;*;;
Nordkjosbotn skole;Balsfjord (2020 - 2023);*;43;43;;
Storsteinnes skole;Balsfjord (2020 - 2023);51;48;47;;
Bardu;Bardu (2020 - 2023);49;47;49;;
Bardu ungdomsskole;Bardu (2020 - 2023);49;47;49;;
Berlevåg;Berlevåg (2020 - 2023);*;*;*;;
Berlevåg skole;Berlevåg (2020 - 2023);*;*;*;;
Båtsfjord;Båtsfjord (2020 - 2023);46;45;47;;
Båtsfjord skole;Båtsfjord (2020 - 2023);46;45;47;;
Deatnu - Tana;Deatnu - Tana (2020 - 2023);50;44;47;;
Deanu Sàmeskuvla;Deatnu - Tana (2020 - 2023);*;;*;;
Tana montessoriskole AS;Deatnu - Tana (2020 - 2023);*;*;*;;
Tanabru skole;Deatnu - Tana (2020 - 2023);*;*;*;;
Dielddanuorri - Tjeldsund;Dielddanuorri - Tjeldsund (2020 - 2023);49;48;47;;
Grov skole;Dielddanuorri - Tjeldsund (2020 - 2023);*;*;*;;
Ramsund skole;Dielddanuorri - Tjeldsund (2020 - 2023);*;*;*;;
Skånland skole;Dielddanuorri - Tjeldsund (2020 - 2023);*;*;*;;
Dyrøy;Dyrøy (2020 - 2023);*;*;*;;
Elvetun skole;Dyrøy (2020 - 2023);*;*;*;;
Gáivuotna - Kåfjord - Kaivuono;Gáivuotna - Kåfjord - Kaivuono (2020 - 2023);47;46;45;;
Indre Kåfjord barne- og ungdomsskole;Gáivuotna - Kåfjord - Kaivuono (2020 - 2023);*;*;*;;
Manndalen skole;Gáivuotna - Kåfjord - Kaivuono (2020 - 2023);*;*;*;;
Olderdalen skole;Gáivuotna - Kåfjord - Kaivuono (2020 - 2023);*;*;*;;
Gamvik;Gamvik (2020 - 2023);*;*;*;;
Gamvik skole;Gamvik (2020 - 2023);*;*;*;;
Mehamn skole;Gamvik (2020 - 2023);*;*;*;;
Skjånes skole;Gamvik (2020 - 2023);*;*;*;;
Gratangen;Gratangen (2020 - 2023);*;*;*;;
Gratangsbotn skole;Gratangen (2020 - 2023);*;*;*;;
Montessoriskolen Morgan AS;Gratangen (2020 - 2023);*;*;*;;
Guovdageaidnu - Kautokeino;Guovdageaidnu - Kautokeino (2020 - 2023);51;*;42;;
Kautokeino skole;Guovdageaidnu - Kautokeino (2020 - 2023);51;*;42;;
Hammerfest - Hámmerfeasta;Hammerfest - Hámmerfeasta (2020 - 2023);50;46;46;;
Breilia skole;Hammerfest - Hámmerfeasta (2020 - 2023);50;46;46;;
Fjordtun skole;Hammerfest - Hámmerfeasta (2020 - 2023);*;*;*;;
Forsøl skole;Hammerfest - Hámmerfeasta (2020 - 2023);*;*;*;;
Kvalsund skole;Hammerfest - Hámmerfeasta (2020 - 2023);47;43;43;;
Harstad - Hárstták;Harstad - Hárstták (2020 - 2023);51;48;48;;
Hagebyen skole;Harstad - Hárstták (2020 - 2023);52;48;48;;
Kila skole;Harstad - Hárstták (2020 - 2023);50;47;48;;
Seljestad ungdomsskole;Harstad - Hárstták (2020 - 2023);51;49;49;;
Stangnes skole;Harstad - Hárstták (2020 - 2023);48;41;43;;
Hasvik;Hasvik (2020 - 2023);48;40;47;;
Breivikbotn skole;Hasvik (2020 - 2023);48;40;47;;
Ibestad;Ibestad (2020 - 2023);*;*;*;;
Andørja montessoriskole;Ibestad (2020 - 2023);*;*;*;;
Ibestad skole;Ibestad (2020 - 2023);*;*;*;;
Kárášjohka - Karasjok;Kárášjohka - Karasjok (2020 - 2023);47;*;45;;
Karasjok grunnskole;Kárášjohka - Karasjok (2020 - 2023);47;*;45;;
Karlsøy;Karlsøy (2020 - 2023);50;44;44;;
Hansnes barne- og ungdomsskole;Karlsøy (2020 - 2023);49;44;*;;
Vanna montessoriskole;Karlsøy (2020 - 2023);*;*;;;
Vannvåg oppvekstsenter avd skole;Karlsøy (2020 - 2023);*;*;*;;
Kvæfjord;Kvæfjord (2020 - 2023);53;50;50;;
Borkenes skole;Kvæfjord (2020 - 2023);53;50;50;;
Kvænangen;Kvænangen (2020 - 2023);48;48;*;;
Kvænangen barne- og ungdomsskole;Kvænangen (2020 - 2023);48;48;*;;
Lebesby;Lebesby (2020 - 2023);48;43;50;;
Kjøllefjord skole;Lebesby (2020 - 2023);*;*;*;;
Lebesby oppvekstsenter Avdeling skole;Lebesby (2020 - 2023);*;*;*;;
Loabák - Lavangen;Loabák - Lavangen (2020 - 2023);50;47;48;;
Lavangen skole;Loabák - Lavangen (2020 - 2023);50;47;48;;
Loppa;Loppa (2020 - 2023);*;*;*;;
Bergsfjord oppvekstsenter Avd skole;Loppa (2020 - 2023);*;*;*;;
Høgtun skole;Loppa (2020 - 2023);*;*;*;;
Lyngen;Lyngen (2020 - 2023);49;50;50;;
Eidebakken skole;Lyngen (2020 - 2023);*;*;*;;
Lenangen skole;Lyngen (2020 - 2023);*;*;*;;
Målselv;Målselv (2020 - 2023);51;50;48;;
Bardufoss ungdomsskole;Målselv (2020 - 2023);51;50;49;;
Bjørkeng oppvekstsenter avd skole;Målselv (2020 - 2023);*;*;*;;
Sameskolen i Troms;Målselv (2020 - 2023);*;*;*;;
Øvergård montessoriskole;Målselv (2020 - 2023);*;*;*;;
Måsøy;Måsøy (2020 - 2023);*;*;*;;
Gunnarnes skole;Måsøy (2020 - 2023);*;*;*;;
Havøysund skole;Måsøy (2020 - 2023);*;*;*;;
Nordkapp;Nordkapp (2020 - 2023);47;43;42;;
Honningsvåg skole;Nordkapp (2020 - 2023);47;43;42;;
Nordreisa - Ráisa - Raisi;Nordreisa - Ráisa - Raisi (2020 - 2023);49;47;46;;
Reisa montessoriskole;Nordreisa - Ráisa - Raisi (2020 - 2023);*;*;*;;
Storslett skole;Nordreisa - Ráisa - Raisi (2020 - 2023);48;49;46;;
Straumfjordnes skole;Nordreisa - Ráisa - Raisi (2020 - 2023);*;*;*;;
Porsanger - Porsáŋgu - Porsanki;Porsanger - Porsángu - Porsanki (2020 - 2023);47;43;45;;
Billefjord Sjøsamiske oppvekstsenter Avdeling skole;Porsanger - Porsángu - Porsanki (2020 - 2023);*;*;*;;
Lakselv ungdomsskole;Porsanger - Porsángu - Porsanki (2020 - 2023);*;*;*;;
Salangen;Salangen (2020 - 2023);53;51;51;;
Salangen kommune Salangen skole;Salangen (2020 - 2023);53;51;51;;
Senja;Senja (2020 - 2023);48;47;47;;
Berg montessoriskole;Senja (2020 - 2023);*;*;*;;
Botnhamn skole grunnskole 1.-10.;Senja (2020 - 2023);*;*;*;;
Finnsnes ungdomsskole;Senja (2020 - 2023);48;46;45;;
Gibostad barne- og ungdomsskole;Senja (2020 - 2023);*;*;*;;
Gryllefjord skole;Senja (2020 - 2023);*;*;*;;
Husøy skole;Senja (2020 - 2023);*;*;*;;
Kårvik skole;Senja (2020 - 2023);*;*;*;;
Medby skole;Senja (2020 - 2023);*;*;*;;
Nordborg ungdomsskole;Senja (2020 - 2023);50;48;50;;
Rossfjord barne- og ungdomsskole;Senja (2020 - 2023);*;*;*;;
Senja montessoriskole;Senja (2020 - 2023);*;*;*;;
Senjahopen skole;Senja (2020 - 2023);*;*;*;;
Stonglandet skole;Senja (2020 - 2023);*;*;*;;
Vikstranda skole;Senja (2020 - 2023);51;48;55;;
Skjervøy;Skjervøy (2020 - 2023);49;48;46;;
Skjervøy ungdomsskole;Skjervøy (2020 - 2023);*;*;*;;
Årviksand skole;Skjervøy (2020 - 2023);*;*;*;;
Storfjord - Omasvuotna - Omasvuono;Storfjord - Omasvuotna - Omasvuono (2020 - 2023);48;45;46;;
Hatteng skole;Storfjord - Omasvuotna - Omasvuono (2020 - 2023);48;45;46;;
Longyearbyen skole grunnskole;Svalbard;48;49;46;;
Sørreisa;Sørreisa (2020 - 2023);46;46;46;;
Sørreisa ungdomsskole;Sørreisa (2020 - 2023);46;46;46;;
Sør-Varanger;Sør-Varanger (2020 - 2023);49;47;46;;
Bugøynes oppvekstsenter avd skole;Sør-Varanger (2020 - 2023);*;*;*;;
Kirkenes ungdomsskole (Nedlagt);Sør-Varanger (2020 - 2023);48;46;45;;
Pasvik skole;Sør-Varanger (2020 - 2023);*;*;*;;
Sandnes og Bjørnevatn skole;Sør-Varanger (2020 - 2023);52;50;51;;
Tromsø;Tromsø (2020 - 2023);51;49;49;;
Ekrehagen skole Adventistsamfunnets Grunnskoler;Tromsø (2020 - 2023);*;*;*;;
Grønnåsen skole;Tromsø (2020 - 2023);51;47;47;;
Hillesøyskolen Brensholmen skole;Tromsø (2020 - 2023);*;*;*;;
Kroken skole;Tromsø (2020 - 2023);48;45;45;;
Kvaløysletta skole;Tromsø (2020 - 2023);50;48;48;;
Lakselvbukt skole;Tromsø (2020 - 2023);*;*;*;;
Langnes skole;Tromsø (2020 - 2023);51;50;50;;
Norges Toppidrettsgymnas ungdomsskole Tromsø AS;Tromsø (2020 - 2023);52;54;54;;
Ramfjord skole;Tromsø (2020 - 2023);51;47;54;;
Sommerlyst skole;Tromsø (2020 - 2023);55;53;54;;
Steinerskolen i Tromsø Sti;Tromsø (2020 - 2023);*;*;47;;
Stiftelsen Tromsø International School;Tromsø (2020 - 2023);60;59;*;;
Storelva skole;Tromsø (2020 - 2023);54;50;52;;
Straumsbukta skole;Tromsø (2020 - 2023);51;50;49;;
Tromstun skole;Tromsø (2020 - 2023);47;45;47;;
Trondjord skole;Tromsø (2020 - 2023);*;*;*;;
Unjárga - Nesseby;Unjárga - Nesseby (2020 - 2023);*;*;*;;
Unjargga Oahppogaldu Nesseby oppvekstsenter avd skole;Unjárga - Nesseby (2020 - 2023);*;*;*;;
Vadsø;Vadsø (2020 - 2023);49;46;45;;
Vadsø kommune Vestre Jakobselv oppvekstsenter avd skole;Vadsø (2020 - 2023);*;*;*;;
Vadsø ungdomsskole og voksenopplæring avd skole;Vadsø (2020 - 2023);*;*;*;;
Vardø;Vardø (2020 - 2023);51;44;47;;
Vardø kommune grunnskole;Vardø (2020 - 2023);51;44;47;;
Lauvsnes skole;Flatanger;*;*;*;;
Frosta skole;Frosta;48;50;51;;
Frøya ungdomsskole;Frøya;45;45;44;;
Mausund oppvekstsenter avd skole;Frøya;*;*;*;;
Sørburøy skole;Frøya;*;*;*;;
Grong barne- og ungdomsskole;Grong;48;46;45;;
Halsa barne- og ungdomsskole;Heim;43;47;49;;
Sodin skole;Heim;50;49;48;;
Fillan skole;Hitra;49;46;47;;
Holtålen kommune Hov skole;Holtålen;51;51;51;;
Høylandet barne- og ungdomsskole;Høylandet;51;54;53;;
Inderøy ungdomsskole;Inderøy;46;46;46;;
Mælan skole;Indre Fosen;*;*;*;;
Stadsbygd skole;Indre Fosen;48;49;46;;
Testmann Minne skole;Indre Fosen;50;49;51;;
Vanvikan skole;Indre Fosen;*;*;*;;
Åsly skole;Indre Fosen;50;47;47;;
Leka barne- og ungdomsskole;Leka;*;*;*;;
Levanger ungdomsskole;Levanger - Levangke;47;48;47;;
Skogn barne- og ungdomsskole;Levanger - Levangke;44;45;42;;
Vårtun Kristne oppvekstsenter SA;Levanger - Levangke;54;52;53;;
Ytterøy barne- og ungdomsskole;Levanger - Levangke;*;*;*;;
Åsen barne- og ungdomsskole;Levanger - Levangke;*;*;*;;
Lierne kommune - Stortangen skole;Lierne;*;*;*;;
Lierne kommune - Sørli skole;Lierne;*;*;*;;
Hommelvik ungdomsskole;Malvik;48;47;46;;
Vikhammer ungdomsskole;Malvik;50;48;50;;
Eid skole;Melhus;49;45;48;;
Gimse ungdomsskole;Melhus;50;49;49;;
Lundamo ungdomsskole;Melhus;45;45;46;;
Øya videregående skole;Melhus;49;48;47;;
Meråker skole;Meråker;48;54;49;;
Støren ungdomsskole;Midtre Gauldal;45;46;46;;
Bangsund skole;Namsos - Nåavmesjenjaelmie;48;47;45;;
Bjørkly skole;Namsos - Nåavmesjenjaelmie;*;*;*;;
Høknes ungdomsskole;Namsos - Nåavmesjenjaelmie;50;46;47;;
Jøa barne- og ungdomsskole;Namsos - Nåavmesjenjaelmie;*;*;*;;
Namdalseid skole;Namsos - Nåavmesjenjaelmie;49;46;42;;
Namsos ungdomsskole;Namsos - Nåavmesjenjaelmie;46;44;43;;
Otterøy oppvekstsenter avd skole;Namsos - Nåavmesjenjaelmie;*;52;57;;
Statland skole;Namsos - Nåavmesjenjaelmie;*;*;*;;
Namsskogan skole;Namsskogan;48;48;46;;
Austafjord skole;Nærøysund;*;*;*;;
Kolvereid skole;Nærøysund;49;48;48;;
Rørvik skole;Nærøysund;*;*;*;;
Oppdal ungdomsskole;Oppdal;*;*;*;;
Vollan skole;Oppdal;*;*;*;;
Grøtte skole;Orkland;48;44;48;;
Lensvik skole;Orkland;*;53;52;;
Løkken Verk montessoriskole SA;Orkland;45;41;42;;
Meldal barne- og ungdomsskole;Orkland;52;52;51;;
Orkanger ungdomsskole;Orkland;51;48;47;;
Aa skole;Orkland;*;*;*;;
Årlivoll skole;Orkland;*;*;*;;
Strand barne- og ungdomsskole;Osen;53;50;49;;
Overhalla barne- og ungdomsskole;Overhalla;*;*;*;;
Overhalla montessoriskole SA;Overhalla;*;*;*;;
Rennebu barne- og ungdomsskole;Rennebu;48;51;53;;
Voll skole AS;Rennebu;;;;;
Rindal skole;Rindal;50;51;49;;
Røros skole;Røros - Rosse;49;49;48;;
Røyrvik oppvekstsenter Avdeling skole;Raarvihke - Røyrvik;*;*;*;;
Selbu ungdomsskole;Selbu;44;44;44;;
Skaun ungdomsskole;Skaun;48;47;47;;
Snåsa montessoriskole SA;Snåase - Snåsa;*;*;*;;
Snåsa skole;Snåase - Snåsa;*;*;*;;
Egge ungdomsskole;Steinkjer;45;45;46;;
Malm skole;Steinkjer;49;51;47;;
Steinkjer montessoriskole;Steinkjer;46;48;44;;
Steinkjer ungdomsskole;Steinkjer;50;48;48;;
Fagerhaug International School AS;Stjørdal;*;*;*;;
Fagerhaug Kristne skole SA;Stjørdal;*;*;*;;
Halsen ungdomsskole;Stjørdal;49;48;49;;
Hegra ungdomsskole;Stjørdal;46;45;44;;
Stokkan ungdomsskole;Stjørdal;49;48;46;;
Adventkirken skole Nidelven;Trondheim - Tråante;*;*;*;;
Birralee International School Trondheim AS avd skole;Trondheim - Tråante;65;55;61;;
Blussuvoll skole;Trondheim - Tråante;52;51;50;;
Charlottenlund ungdomsskole;Trondheim - Tråante;53;52;51;;
Dalgård skole og ressurssenter;Trondheim - Tråante;;;;;
Flatåsen skole;Trondheim - Tråante;49;47;46;;
Heimdal Friskole, Kristen grunnskole Heimdal;Trondheim - Tråante;*;*;*;;
Hoeggen skole;Trondheim - Tråante;51;49;49;;
Huseby barneskole - Ac Møller tegnspråksenter;Trondheim - Tråante;*;*;*;;
Huseby ungdomsskole;Trondheim - Tråante;48;43;45;;
Klæbu ungdomsskole;Trondheim - Tråante;50;48;46;;
Lade skole;Trondheim - Tråante;52;50;48;;
Markaplassen skole;Trondheim - Tråante;51;48;48;;
Momo waldorfskole AS;Trondheim - Tråante;*;*;*;;
Nidaros idrettsungdomsskole Sti;Trondheim - Tråante;49;48;49;;
Rosenborg skole;Trondheim - Tråante;52;50;48;;
Rosten skole;Trondheim - Tråante;50;47;48;;
Selsbakk skole;Trondheim - Tråante;51;49;48;;
Sjetne skole;Trondheim - Tråante;54;52;51;;
Spongdal skole;Trondheim - Tråante;48;46;44;;
Steinerskolen i Trondheim grunnskole;Trondheim - Tråante;48;48;48;;
Stiftelsen steinerskolen Rotvoll;Trondheim - Tråante;48;46;42;;
Stiftelsen Trondheim International School;Trondheim - Tråante;58;51;51;;
Stiftelsen Trondheim Kristne Grunnskole, tomasskolen;Trondheim - Tråante;53;53;46;;
Sunnland skole;Trondheim - Tråante;53;51;51;;
Sverresborg skole;Trondheim - Tråante;50;50;49;;
Tonstad skole;Trondheim - Tråante;*;*;*;;
Trondheim idrettsungdomsskole AS;Trondheim - Tråante;47;45;47;;
Ugla skole;Trondheim - Tråante;52;51;51;;
Åsheim ungdomsskole;Trondheim - Tråante;49;46;48;;
Tydal barne- og ungdomsskole;Tydal;*;*;*;;
Verdalsøra ungdomsskole;Verdal;46;47;46;;
Vuku barne- og ungdomsskole;Verdal;50;47;49;;
Botngård ungdomsskole;Ørland;48;48;47;;
Ørland ungdomsskole;Ørland;51;49;49;;
Brandsfjord barne- og ungdomsskole;Åfjord;*;*;*;;
Stokksund grunnskole og Sfo;Åfjord;*;*;*;;
Sør-Roan skole;Åfjord;*;*;*;;
Åset skole;Åfjord;47;48;51;;
Vestfold og Telemark;Alle kommuner;49;48;48;;
Bamble;Bamble (2020 - 2023);50;49;47;;
Bamble ungdomsskole;Bamble (2020 - 2023);50;49;47;;
Drangedal;Drangedal (2020 - 2023);51;49;49;;
Drangedal 10-Årige skole;Drangedal (2020 - 2023);51;49;49;;
Fyresdal;Fyresdal (2020 - 2023);44;46;46;;
Gimle skule;Fyresdal (2020 - 2023);44;46;46;;
Færder;Færder (2020 - 2023);49;47;46;;
Borgheim ungdomsskole;Færder (2020 - 2023);48;46;45;;
Steinerskolen i Vestfold;Færder (2020 - 2023);44;47;46;;
Teigar ungdomsskole;Færder (2020 - 2023);51;49;48;;
Tjøme ungdomsskole;Færder (2020 - 2023);49;46;42;;
Hjartdal;Hjartdal (2020 - 2023);43;45;42;;
Sauland skule;Hjartdal (2020 - 2023);43;45;42;;
Holmestrand;Holmestrand (2020 - 2023);49;48;47;;
Gjøklep ungdomsskole;Holmestrand (2020 - 2023);48;47;46;;
Hof skole;Holmestrand (2020 - 2023);52;49;47;;
Klokkerjordet skole;Holmestrand (2020 - 2023);49;48;48;;
Horten;Horten (2020 - 2023);49;46;47;;
Borre ungdomsskole;Horten (2020 - 2023);50;48;47;;
Holtan ungdomsskole;Horten (2020 - 2023);49;45;46;;
Orerønningen ungdomsskole;Horten (2020 - 2023);49;46;48;;
Kragerø;Kragerø (2020 - 2023);48;46;46;;
Kragerø skole;Kragerø (2020 - 2023);49;46;46;;
Sannidal ungdomsskole;Kragerø (2020 - 2023);47;46;47;;
Kviteseid;Kviteseid (2020 - 2023);51;47;52;;
Kviteseid skule;Kviteseid (2020 - 2023);51;47;52;;
Larvik;Larvik (2020 - 2023);49;48;47;;
Brunla ungdomsskole;Larvik (2020 - 2023);49;50;48;;
Frøy skole;Larvik (2020 - 2023);*;*;*;;
Hedrum ungdomsskole;Larvik (2020 - 2023);48;45;43;;
Kongshaugen Kristne grunnskole;Larvik (2020 - 2023);*;*;*;;
Kvelde skole;Larvik (2020 - 2023);*;49;46;;
Lardal skole;Larvik (2020 - 2023);46;48;47;;
Mellomhagen ungdomsskole;Larvik (2020 - 2023);46;45;45;;
Mesterfjellet skole;Larvik (2020 - 2023);50;*;*;;
Ra ungdomsskole;Larvik (2020 - 2023);51;48;50;;
Tjodalyng skole;Larvik (2020 - 2023);49;51;51;;
Midt-Telemark;Midt-Telemark (2020 - 2023);49;48;48;;
Bø ungdomsskule;Midt-Telemark (2020 - 2023);*;*;*;;
Gvarv skole;Midt-Telemark (2020 - 2023);*;*;*;;
Sauar friskole;Midt-Telemark (2020 - 2023);*;*;*;;
Nissedal;Nissedal (2020 - 2023);51;48;54;;
Tveit skule / Nissedal ungdomsskule;Nissedal (2020 - 2023);51;48;54;;
Nome;Nome (2020 - 2023);51;49;48;;
Holla 10-Årige skole;Nome (2020 - 2023);52;50;49;;
Lunde 10-Årige skole;Nome (2020 - 2023);49;49;47;;
Notodden;Notodden (2020 - 2023);45;43;45;;
Gransherad skole;Notodden (2020 - 2023);*;*;*;;
Heddal ungdomsskole;Notodden (2020 - 2023);*;*;*;;
Notodden ungdomsskole;Notodden (2020 - 2023);45;44;46;;
Porsgrunn;Porsgrunn (2020 - 2023);50;48;48;;
Heistadskolene avd Ungdom;Porsgrunn (2020 - 2023);51;49;48;;
Kjølnes ungdomsskole;Porsgrunn (2020 - 2023);50;49;49;;
Sandøya montessoriskole;Porsgrunn (2020 - 2023);*;*;*;;
Stiftelsen International School Telemark;Porsgrunn (2020 - 2023);*;*;*;;
Telemark Toppidrett ungdomsskole Porsgrunn AS;Porsgrunn (2020 - 2023);48;49;50;;
Tveten ungdomsskole;Porsgrunn (2020 - 2023);49;48;47;;
Vestsiden skole;Porsgrunn (2020 - 2023);50;46;46;;
Sandefjord;Sandefjord (2020 - 2023);51;49;49;;
Andebu ungdomsskole;Sandefjord (2020 - 2023);47;45;46;;
Breidablikk ungdomsskole;Sandefjord (2020 - 2023);52;50;50;;
Bugården ungdomsskole;Sandefjord (2020 - 2023);49;46;46;;
Moe skole;Sandefjord (2020 - 2023);*;51;*;;
Mokollen skole;Sandefjord (2020 - 2023);*;*;*;;
Ranvik ungdomsskole;Sandefjord (2020 - 2023);52;49;50;;
Signo Grunn- og videregående skole AS;Sandefjord (2020 - 2023);;;;;
Skagerak International School Sti;Sandefjord (2020 - 2023);59;*;52;;
Stokke ungdomsskole;Sandefjord (2020 - 2023);52;49;49;;
Varden ungdomsskole;Sandefjord (2020 - 2023);51;49;48;;
Wang Ung Sandefjord AS;Sandefjord (2020 - 2023);51;50;53;;
Seljord;Seljord (2020 - 2023);49;48;49;;
Seljord barne- og ungdomsskule skole 1-10;Seljord (2020 - 2023);49;48;49;;
Siljan;Siljan (2020 - 2023);51;52;52;;
Siljan ungdomsskole;Siljan (2020 - 2023);51;52;52;;
Skien;Skien (2020 - 2023);50;49;48;;
Bølehøgda skole;Skien (2020 - 2023);;;;;
Enggrav skole og barnehage Avd skole;Skien (2020 - 2023);;;;;
Gimsøy skole;Skien (2020 - 2023);48;48;47;;
Gjerpen barneskole;Skien (2020 - 2023);;;;;
Gjerpen ungdomsskole;Skien (2020 - 2023);50;50;47;;
Gulset ungdomsskole;Skien (2020 - 2023);49;48;47;;
Kongerød ungdomsskole;Skien (2020 - 2023);50;48;50;;
Menstad ungdomsskole;Skien (2020 - 2023);51;49;48;;
Mæla ungdomsskole;Skien (2020 - 2023);51;50;49;;
Oasen skole Grenland AS;Skien (2020 - 2023);*;*;*;;
Skauen Kristelige skole;Skien (2020 - 2023);49;52;52;;
Skien kommune Spesialpedagogisk Enhet;Skien (2020 - 2023);;;;;
Telemark Toppidrett ungdomsskole Skien AS;Skien (2020 - 2023);*;*;*;;
Tinn;Tinn (2020 - 2023);46;47;48;;
Atrå barne- og ungdomsskole;Tinn (2020 - 2023);*;*;*;;
Rjukan ungdomsskole;Tinn (2020 - 2023);*;*;*;;
Tinn montessoriskole SA;Tinn (2020 - 2023);*;*;*;;
Tokke;Tokke (2020 - 2023);47;49;49;;
Høydalsmo skule;Tokke (2020 - 2023);*;*;*;;
Tokke skule;Tokke (2020 - 2023);*;*;*;;
Tønsberg;Tønsberg (2020 - 2023);50;48;48;;
Byskogen Kombinerte skole;Tønsberg (2020 - 2023);46;44;43;;
Elihu Kristne grunnskole;Tønsberg (2020 - 2023);*;*;*;;
Granly skole;Tønsberg (2020 - 2023);49;46;48;;
Kongseik ungdomsskole;Tønsberg (2020 - 2023);50;48;46;;
Presterød ungdomsskole;Tønsberg (2020 - 2023);51;49;49;;
Revetal ungdomsskole;Tønsberg (2020 - 2023);47;45;46;;
Ringshaug ungdomsskole;Tønsberg (2020 - 2023);51;50;51;;
Skagerak International School, Tønsberg AS;Tønsberg (2020 - 2023);57;52;50;;
Tønsberg Montessori skole Sti;Tønsberg (2020 - 2023);*;*;*;;
Vear skole;Tønsberg (2020 - 2023);50;48;45;;
Wang Tønsberg AS;Tønsberg (2020 - 2023);51;50;53;;
Vinje;Vinje (2020 - 2023);47;49;52;;
Edland skule avd skule;Vinje (2020 - 2023);*;*;*;;
Rauland skule avd skule;Vinje (2020 - 2023);52;54;56;;
Åmot skule avd skule;Vinje (2020 - 2023);*;*;*;;
Danielsen ungdomsskule Frekhaug AS;Alver;*;*;*;;
Knarvik ungdomsskule;Alver;48;46;47;;
Lindås ungdomsskule;Alver;47;47;47;;
Meland ungdomsskule;Alver;49;46;47;;
Nordhordland Kristne grunnskole;Alver;*;*;*;;
Ostereidet ungdomsskule;Alver;47;48;48;;
Radøy ungdomsskule;Alver;47;46;49;;
Rossland skule;Alver;47;46;47;;
Askvoll skule;Askvoll;*;*;*;;
Gjelsvik skule;Askvoll;*;*;*;;
Erdal ungdomsskole;Askøy;46;43;45;;
Fauskanger barne- og ungdomsskule;Askøy;46;48;47;;
Kleppestø ungdomsskole;Askøy;49;49;47;;
Ravnanger ungdomsskole;Askøy;46;45;45;;
Aurland barne- og ungdomsskule;Aurland;54;48;47;;
Austevoll ungdomsskule;Austevoll;46;45;45;;
Årås skule;Austrheim;51;47;47;;
Bergen kompetansesenter for Læringsmiljø;Bergen;;;;;
Bergen Kristne grunnskole;Bergen;47;46;45;;
Bjørgvin montessoriskole;Bergen;*;*;*;;
Blokkhaugen skole;Bergen;47;47;48;;
Breimyra skole;Bergen;45;45;46;;
Foreningen Danielsen ungdomsskole Bergen;Bergen;53;53;53;;
Garnes ungdomsskule;Bergen;49;47;47;;
Gimle Oppveksttun skole;Bergen;51;49;49;;
Holen skole;Bergen;52;48;49;;
Hop Oppveksttun skole;Bergen;53;52;52;;
International School Of Bergen avd skole;Bergen;63;51;57;;
Kirkevoll skole;Bergen;50;50;50;;
Kjøkkelvik skole;Bergen;49;48;47;;
Kyrkjekrinsen skole;Bergen;50;46;48;;
Lynghaug skole;Bergen;52;50;49;;
Mjølkeråen skole;Bergen;53;51;50;;
Møllebakken skole;Bergen;*;*;*;;
Nattland skole;Bergen;54;53;51;;
Norges Toppidrettsgymnas ungdomsskole Bergen AS;Bergen;51;51;54;;
Ny Krohnborg skole;Bergen;*;*;*;;
Olsvik skole;Bergen;52;50;50;;
Ortun skole;Bergen;50;49;48;;
Rothaugen skole;Bergen;52;51;50;;
Rudolf steinerskolen i Bergen skolen;Bergen;47;45;46;;
Rå skole;Bergen;49;50;49;;
Rådalslien skole;Bergen;53;49;52;;
Sandgotna skole;Bergen;50;47;48;;
Skranevatnet skole;Bergen;51;48;50;;
Slåtthaug skole;Bergen;51;50;49;;
St Paul skole;Bergen;52;51;51;;
Steinerskolen på Skjold Helseped Avdeling;Bergen;;;;;
Stiftelsen Davinci montessoriskole;Bergen;*;*;*;;
Stiftelsen montessoriskolen i Bergen;Bergen;53;49;49;;
Stiftelsen steinerskolen på Skjold;Bergen;52;47;52;;
Storetveit skole;Bergen;54;52;52;;
Tveiterås skole;Bergen;*;*;*;;
Ytrebygda skole;Bergen;51;49;50;;
Åstveit skole;Bergen;50;49;50;;
Fusa ungdomsskule;Bjørnafjorden;48;46;47;;
Nore Neset ungdomsskule;Bjørnafjorden;47;45;46;;
Os ungdomsskule;Bjørnafjorden;50;48;48;;
Davik Oppvekst avd skule;Bremanger;53;51;57;;
Hauge Oppvekst avd skule;Bremanger;55;54;55;;
Svelgen Oppvekst avd skule;Bremanger;52;47;50;;
Bremnes ungdomsskule;Bømlo;47;44;47;;
Hillestveit skule;Bømlo;*;*;*;;
Moster skule;Bømlo;*;*;*;;
Lægreid skule;Eidfjord;57;55;55;;
Enge skule;Etne;47;46;49;;
Skånevik skule;Etne;47;42;52;;
Fedje skule;Fedje;*;*;*;;
Rimbareid barne- og ungdomsskule;Fitjar;47;46;47;;
Dingemoen skule;Fjaler;*;*;*;;
Våge skule;Fjaler;*;*;*;;
Gloppen ungdomsskule;Gloppen;*;*;*;;
Hyen skule;Gloppen;*;*;*;;
Brekke skule;Gulen;*;*;*;;
Byrknes skule;Gulen;*;*;*;;
Dalsøyra skule;Gulen;*;*;*;;
Eivindvik skule;Gulen;*;*;*;;
Hyllestad skule;Hyllestad;*;*;*;;
Bjordal skule;Høyanger;*;*;*;;
Høyanger skule;Høyanger;51;51;53;;
Lavik skule;Høyanger;*;*;*;;
Eikefjord barne- og ungdomsskule;Kinn;47;49;46;;
Florø ungdomsskule;Kinn;48;45;46;;
Vågsøy ungdomsskule;Kinn;52;48;51;;
Foreninga Norheimsund friskule;Kvam;*;*;*;;
Kvam ungdomsskule;Kvam;*;*;*;;
Strandebarm skule;Kvam;*;*;*;;
Hatlestrand barne- og ungdomsskule;Kvinnherad;*;*;*;;
Husnes ungdomsskule;Kvinnherad;48;47;50;;
Rosendal ungdomsskule;Kvinnherad;*;*;*;;
Øyatun skule;Kvinnherad;*;*;*;;
Hafslo barne- og ungdomsskule;Luster;53;52;52;;
Luster ungdomsskule;Luster;50;50;53;;
Lærdalsøyri skule;Lærdal;50;47;49;;
Matre skule;Masfjorden;*;*;*;;
Nordbygda skule;Masfjorden;43;*;*;;
Sandnes skule;Masfjorden;*;*;*;;
Mo skule;Modalen;*;*;*;;
Danielsen ungdomsskule Osterøy AS;Osterøy;51;50;49;;
Osterøy ungdomsskule;Osterøy;48;47;48;;
Samnanger ungdomsskule;Samnanger;49;46;48;;
Kaupanger skule;Sogndal;51;50;50;;
Kvåle skule;Sogndal;50;49;51;;
Leikanger ungdomsskule;Sogndal;51;47;50;;
Sagatun skule avd skule;Sogndal;47;43;52;;
Solund skule;Solund;*;*;*;;
Eid ungdomsskule;Stad;50;49;*;;
Kjølsdalen montessoriskule SA;Stad;*;*;*;;
Selje skule;Stad;*;*;49;;
Stadlandet skule;Stad;*;*;*;;
Nordbygdo ungdomsskule;Stord;*;*;*;;
Nysæter ungdomsskule;Stord;*;*;*;;
Stord Kristne skule AS;Stord;*;*;*;;
Stord ungdomsskule;Stord;48;46;45;;
Olden skule;Stryn;52;50;53;;
Stryn ungdomsskule;Stryn;48;46;50;;
Førde ungdomsskule;Sunnfjord;52;49;51;;
Halbrend skule;Sunnfjord;51;51;54;;
Naustdal skule;Sunnfjord;51;49;49;;
Sande skule;Sunnfjord;50;47;52;;
Skei skule;Sunnfjord;*;55;53;;
Vassenden skule;Sunnfjord;*;*;*;;
Viksdalen skule;Sunnfjord;*;*;*;;
Sveio skule;Sveio;50;46;48;;
Tysnes skule;Tysnes;47;47;45;;
Hauso barne- og ungdomsskule;Ullensvang;52;*;*;;
Jondal skule;Ullensvang;*;42;45;;
Kinsarvik skule;Ullensvang;*;52;50;;
Odda ungdomsskole;Ullensvang;50;49;47;;
Røldal skule;Ullensvang;*;*;*;;
Brakanes barne- og ungdomsskule;Ulvik;48;47;46;;
Dale skule;Vaksdal;47;47;51;;
Feios skule;Vik;*;*;*;;
Flatbygdi skule;Vik;*;*;*;;
Granvin barne- og ungdomsskule;Voss;*;*;*;;
Voss ungdomsskule;Voss;48;47;48;;
Vossestrand barne- og ungdomsskule;Voss;*;*;*;;
Danielsen barne- og ungdomsskule Sotra;Øygarden;48;46;47;;
Fjell ungdomsskule;Øygarden;49;47;48;;
Sund ungdomsskule;Øygarden;51;48;49;;
Tranevågen ungdomsskule;Øygarden;47;45;46;;
Øygarden ungdomsskule;Øygarden;51;47;50;;
Farnes skule;Årdal;50;50;53;;
Tangen skule;Årdal;52;50;58;;
Viken;Alle kommuner;51;49;49;;
Aremark;Aremark (2020 - 2023);47;49;49;;
Aremark skole;Aremark (2020 - 2023);47;49;49;;
Asker;Asker (2020 - 2023);52;51;51;;
Borgen ungdomsskole;Asker (2020 - 2023);52;49;49;;
Holmen skole Grunnskole/Videregående skole;Asker (2020 - 2023);;;;;
Hovedgården ungdomsskole;Asker (2020 - 2023);52;50;49;;
Landøya ungdomsskole;Asker (2020 - 2023);56;54;53;;
Norges Toppidrettsgymnas ungdomsskole Asker AS;Asker (2020 - 2023);51;51;53;;
Risenga ungdomsskole;Asker (2020 - 2023);53;53;54;;
Røyken ungdomsskole;Asker (2020 - 2023);50;49;48;;
Slemmestad ungdomsskole;Asker (2020 - 2023);49;48;46;;
Solvang ungdomsskole;Asker (2020 - 2023);52;51;51;;
Spikkestad ungdomsskole;Asker (2020 - 2023);52;49;50;;
Steinerskolen i Asker skole;Asker (2020 - 2023);46;53;53;;
Steinerskolen i Hurum Sti;Asker (2020 - 2023);48;50;44;;
Stiftelsen Asker International School;Asker (2020 - 2023);64;52;56;;
Sætre ungdomsskole;Asker (2020 - 2023);49;49;46;;
Tofte ungdomsskole;Asker (2020 - 2023);49;47;47;;
Torstad ungdomsskole;Asker (2020 - 2023);53;53;53;;
Vollen ungdomsskole;Asker (2020 - 2023);53;53;55;;
Aurskog-Høland;Aurskog-Høland (2020 - 2023);50;48;46;;
Aurskog-Høland kommune - Aursmoen skole;Aurskog-Høland (2020 - 2023);51;49;47;;
Aurskog-Høland kommune - Bjørkelangen skole;Aurskog-Høland (2020 - 2023);50;47;46;;
Aurskog-Høland kommune - Bråte skole;Aurskog-Høland (2020 - 2023);48;47;45;;
Bærum;Bærum (2020 - 2023);54;53;52;;
Bekkestua skole;Bærum (2020 - 2023);55;55;55;;
Bjørnegård skole;Bærum (2020 - 2023);53;50;51;;
Bærum Alternative skole;Bærum (2020 - 2023);;*;;;
Eineåsen skole;Bærum (2020 - 2023);50;49;48;;
Gjettum skole;Bærum (2020 - 2023);53;54;52;;
Hauger skole;Bærum (2020 - 2023);51;49;49;;
Hosletoppen skole;Bærum (2020 - 2023);53;*;54;;
Hundsund ungdomsskole;Bærum (2020 - 2023);54;54;53;;
Mølladammen ungdomsskole;Bærum (2020 - 2023);53;53;52;;
Norges Realfagsungdomsskole Sandvika AS;Bærum (2020 - 2023);66;61;68;;
Norges Toppidrettsgymnas ungdomsskole Bærum AS;Bærum (2020 - 2023);54;55;56;;
Oslo International School;Bærum (2020 - 2023);62;60;58;;
Ramstad skole;Bærum (2020 - 2023);54;52;51;;
Ringstabekk skole;Bærum (2020 - 2023);54;53;53;;
Steinerskolen i Bærum Grunnskoleundervisning;Bærum (2020 - 2023);50;51;50;;
Stiftelsen Bærum montessoriskole;Bærum (2020 - 2023);56;54;50;;
Vøyenenga skole;Bærum (2020 - 2023);49;47;45;;
Østerås skole;Bærum (2020 - 2023);54;54;53;;
Drammen;Drammen (2020 - 2023);51;49;49;;
Akademiet realfagsskole Drammen AS;Drammen (2020 - 2023);59;56;60;;
Børresen ungdomsskole;Drammen (2020 - 2023);53;52;53;;
Eknes ungdomsskole;Drammen (2020 - 2023);48;47;48;;
Galterud ungdomsskole;Drammen (2020 - 2023);49;46;45;;
Gulskogen skole;Drammen (2020 - 2023);52;49;47;;
Killingrud ungdomsskole;Drammen (2020 - 2023);50;49;51;;
Kjøsterud skole;Drammen (2020 - 2023);49;47;46;;
Marienlyst ungdomsskole;Drammen (2020 - 2023);51;49;48;;
Rosendal skole;Drammen (2020 - 2023);56;45;53;;
Svelvik ungdomsskole;Drammen (2020 - 2023);48;45;42;;
Svensedammen ungdomsskole;Drammen (2020 - 2023);51;50;49;;
Veiavangen ungdomsskole;Drammen (2020 - 2023);52;50;50;;
Eidsvoll;Eidsvoll (2020 - 2023);49;47;46;;
Feiring skole;Eidsvoll (2020 - 2023);*;*;*;;
Råholt ungdomsskole;Eidsvoll (2020 - 2023);49;48;47;;
Steinerskolen på Eidsvoll;Eidsvoll (2020 - 2023);*;*;*;;
Vilberg ungdomsskole;Eidsvoll (2020 - 2023);*;*;*;;
Enebakk;Enebakk (2020 - 2023);47;47;46;;
Kirkebygden barne- og ungdomsskole;Enebakk (2020 - 2023);47;46;45;;
Mjær ungdomsskole;Enebakk (2020 - 2023);48;47;47;;
Flesberg;Flesberg (2020 - 2023);48;49;49;;
Flesberg skole;Flesberg (2020 - 2023);48;49;49;;
Flå;Flå (2020 - 2023);*;*;42;;
Flå skole;Flå (2020 - 2023);*;*;42;;
Fredrikstad;Fredrikstad (2020 - 2023);50;48;48;;
Begby barne- og ungdomsskole;Fredrikstad (2020 - 2023);54;54;55;;
Borge ungdomsskole;Fredrikstad (2020 - 2023);49;45;46;;
Childrens International School Fredrikstad AS;Fredrikstad (2020 - 2023);60;55;53;;
Cicignon skole;Fredrikstad (2020 - 2023);51;47;49;;
Gressvik ungdomsskole;Fredrikstad (2020 - 2023);49;47;47;;
Gudeberg barne- og ungdomsskole;Fredrikstad (2020 - 2023);52;49;49;;
Haugeåsen ungdomsskole;Fredrikstad (2020 - 2023);48;45;45;;
Kråkerøy ungdomsskole;Fredrikstad (2020 - 2023);49;48;47;;
Kvernhuset ungdomsskole;Fredrikstad (2020 - 2023);51;48;49;;
Steinerskolen i Fredrikstad;Fredrikstad (2020 - 2023);47;46;46;;
Vestbygda ungdomsskole;Fredrikstad (2020 - 2023);48;48;46;;
Wang Fredrikstad AS;Fredrikstad (2020 - 2023);49;50;49;;
Frogn;Frogn (2020 - 2023);51;50;49;;
Drøbak Montessori ungdomsskole AS;Frogn (2020 - 2023);*;*;*;;
Dyrløkkeåsen skole;Frogn (2020 - 2023);53;51;51;;
Seiersten ungdomsskole;Frogn (2020 - 2023);49;49;48;;
Stiftelsen Soon sjøskole;Frogn (2020 - 2023);*;*;*;;
Gjerdrum;Gjerdrum (2020 - 2023);51;49;49;;
Gjerdrum ungdomsskole;Gjerdrum (2020 - 2023);51;49;49;;
Gol;Gol (2020 - 2023);47;48;48;;
Gol skule;Gol (2020 - 2023);47;48;48;;
Halden;Halden (2020 - 2023);48;47;45;;
Halden montessoriskole AS;Halden (2020 - 2023);*;*;*;;
Risum ungdomsskole;Halden (2020 - 2023);*;*;*;;
Rødsberg ungdomsskole;Halden (2020 - 2023);*;*;*;;
Strupe ungdomsskole;Halden (2020 - 2023);50;48;47;;
Hemsedal;Hemsedal (2020 - 2023);51;50;49;;
Hemsedal skole;Hemsedal (2020 - 2023);51;50;49;;
Hol;Hol (2020 - 2023);50;49;48;;
Geilo barne- og ungdomsskole;Hol (2020 - 2023);50;49;48;;
Hole;Hole (2020 - 2023);53;52;53;;
Hole ungdomsskole;Hole (2020 - 2023);53;52;54;;
Tyrifjord barne- og ungdomsskole;Hole (2020 - 2023);54;47;50;;
Hurdal;Hurdal (2020 - 2023);49;50;47;;
Hurdal skole og kultursenter avd skole;Hurdal (2020 - 2023);49;50;47;;
Hvaler;Hvaler (2020 - 2023);50;47;48;;
Hvaler barne- og ungdomsskole;Hvaler (2020 - 2023);50;47;48;;
Indre Østfold;Indre Østfold (2020 - 2023);48;46;47;;
Askim ungdomsskole;Indre Østfold (2020 - 2023);50;49;49;;
Knapstad barne- og ungdomsskole;Indre Østfold (2020 - 2023);*;*;*;;
Mysen ungdomsskole;Indre Østfold (2020 - 2023);47;44;44;;
Spydeberg ungdomsskole;Indre Østfold (2020 - 2023);48;46;*;;
Stiftelsen steinerskolen i Indre Østfold;Indre Østfold (2020 - 2023);*;*;*;;
Trøgstad ungdomsskole;Indre Østfold (2020 - 2023);*;*;47;;
Jevnaker;Jevnaker (2020 - 2023);46;46;43;;
Jevnaker ungdomsskole;Jevnaker (2020 - 2023);46;46;43;;
Kongsberg;Kongsberg (2020 - 2023);51;50;50;;
Hvittingfoss barne- og ungdomsskole;Kongsberg (2020 - 2023);52;51;48;;
Skrim ungdomsskole;Kongsberg (2020 - 2023);49;47;47;;
Stiftelsen Kongsberg International School;Kongsberg (2020 - 2023);61;48;60;;
Tislegård ungdomsskole;Kongsberg (2020 - 2023);52;52;52;;
Vestsiden ungdomsskole;Kongsberg (2020 - 2023);51;51;49;;
Krødsherad;Krødsherad (2020 - 2023);49;52;54;;
Krødsherad skole;Krødsherad (2020 - 2023);49;52;54;;
Lier;Lier (2020 - 2023);50;50;49;;
Akademiet ungdomsskole Lier AS;Lier (2020 - 2023);54;55;52;;
Høvik skole;Lier (2020 - 2023);52;53;52;;
Lierbyen skole;Lier (2020 - 2023);48;47;46;;
Sylling skole;Lier (2020 - 2023);48;47;47;;
Tranby skole;Lier (2020 - 2023);50;49;48;;
Lillestrøm;Lillestrøm (2020 - 2023);51;48;48;;
Asak skole;Lillestrøm (2020 - 2023);50;48;46;;
Bingsfoss ungdomsskole;Lillestrøm (2020 - 2023);51;49;47;;
Bråtejordet skole;Lillestrøm (2020 - 2023);49;46;47;;
Frogner skole;Lillestrøm (2020 - 2023);50;50;48;;
Frydenlund skole og ressurssenter;Lillestrøm (2020 - 2023);;;;;
Kjeller skole;Lillestrøm (2020 - 2023);53;53;50;;
Oks friskole Sti;Lillestrøm (2020 - 2023);*;*;*;;
Romerike steinerskole AS;Lillestrøm (2020 - 2023);*;*;*;;
Sophie Radich skole;Lillestrøm (2020 - 2023);51;50;51;;
Stav skole;Lillestrøm (2020 - 2023);51;46;47;;
Sten-Tærud skole;Lillestrøm (2020 - 2023);50;47;46;;
Tæruddalen skole;Lillestrøm (2020 - 2023);50;49;47;;
Østersund ungdomsskole;Lillestrøm (2020 - 2023);51;48;48;;
Lunner;Lunner (2020 - 2023);51;49;49;;
Harestua skole;Lunner (2020 - 2023);51;49;50;;
Lunner ungdomsskole;Lunner (2020 - 2023);51;49;48;;
Lørenskog;Lørenskog (2020 - 2023);52;49;50;;
Fjellsrud skole;Lørenskog (2020 - 2023);54;49;49;;
Hammer skole;Lørenskog (2020 - 2023);52;50;48;;
Kjenn skole;Lørenskog (2020 - 2023);53;48;51;;
Løkenåsen skole;Lørenskog (2020 - 2023);53;51;49;;
Lørenskog friskole;Lørenskog (2020 - 2023);*;*;*;;
Rudolf steinerskolen Lørenskog Sti;Lørenskog (2020 - 2023);*;*;*;;
Wang Romerike AS;Lørenskog (2020 - 2023);51;51;53;;
Marker;Marker (2020 - 2023);47;47;48;;
Marker kommune - Marker skole;Marker (2020 - 2023);47;47;48;;
Modum;Modum (2020 - 2023);48;47;45;;
Nordre Modum ungdomsskole;Modum (2020 - 2023);48;45;45;;
Søndre Modum ungdomsskole;Modum (2020 - 2023);48;48;45;;
Moss;Moss (2020 - 2023);51;49;48;;
Buen barne- og ungdomsskole;Moss (2020 - 2023);*;*;*;;
Bytårnet skole;Moss (2020 - 2023);48;45;46;;
Children's International School Moss AS;Moss (2020 - 2023);60;51;51;;
Hoppern skole;Moss (2020 - 2023);52;50;50;;
Nøkkeland skole;Moss (2020 - 2023);52;49;50;;
Rygge ungdomsskole;Moss (2020 - 2023);50;49;47;;
Steinerskolen i Moss Grunnskole/Adm;Moss (2020 - 2023);*;48;41;;
Torderød skole Adventistkirkens grunnskole;Moss (2020 - 2023);*;*;*;;
Verket skole;Moss (2020 - 2023);50;49;47;;
Nannestad;Nannestad (2020 - 2023);48;46;47;;
Nannestad ungdomsskole;Nannestad (2020 - 2023);48;46;47;;
Nes;Nes (2020 - 2023);49;48;46;;
Hoppensprett Akademiet Brårud AS;Nes (2020 - 2023);*;*;*;;
Romerike International School Sti;Nes (2020 - 2023);*;*;*;;
Runni ungdomsskole;Nes (2020 - 2023);49;48;46;;
Vormsund ungdomsskole;Nes (2020 - 2023);49;48;46;;
Nesbyen;Nesbyen (2020 - 2023);48;49;51;;
Nesbyen ungdomsskole;Nesbyen (2020 - 2023);48;49;51;;
Nesodden;Nesodden (2020 - 2023);51;50;49;;
Alværn ungdomsskole;Nesodden (2020 - 2023);52;50;50;;
Bakkeløkka ungdomsskole;Nesodden (2020 - 2023);49;47;49;;
Rudolf steinerskolen stiftelsen avd Undervisning;Nesodden (2020 - 2023);50;52;47;;
Tangenåsen ungdomsskole;Nesodden (2020 - 2023);51;51;49;;
Nittedal;Nittedal (2020 - 2023);51;50;49;;
Hakadal ungdomsskole;Nittedal (2020 - 2023);50;49;50;;
Li skole;Nittedal (2020 - 2023);51;50;48;;
Nittedal ungdomsskole;Nittedal (2020 - 2023);52;52;49;;
Nordre Follo;Nordre Follo (2020 - 2023);52;52;51;;
Fløysbonn ungdomsskole;Nordre Follo (2020 - 2023);50;50;48;;
Flåtestad ungdomsskole;Nordre Follo (2020 - 2023);50;48;47;;
Follo barne- og ungdomsskole;Nordre Follo (2020 - 2023);;;*;;
Haugjordet ungdomsskole;Nordre Follo (2020 - 2023);53;50;49;;
Hellerasten ungdomsskole;Nordre Follo (2020 - 2023);53;51;53;;
Ingieråsen ungdomsskole;Nordre Follo (2020 - 2023);54;54;52;;
Kråkstad skole;Nordre Follo (2020 - 2023);53;53;*;;
Magasinparken ungdomsskole;Nordre Follo (2020 - 2023);53;53;53;;
Siggerud skole;Nordre Follo (2020 - 2023);50;49;48;;
Wang Ung Follo AS;Nordre Follo (2020 - 2023);50;52;53;;
Nore og Uvdal;Nore og Uvdal (2020 - 2023);50;49;51;;
Rødberg skole;Nore og Uvdal (2020 - 2023);50;49;51;;
Rakkestad;Rakkestad (2020 - 2023);52;50;48;;
Rakkestad ungdomsskole;Rakkestad (2020 - 2023);52;50;48;;
Ringerike;Ringerike (2020 - 2023);49;49;49;;
Discovery International School AS;Ringerike (2020 - 2023);*;*;*;;
Hallingby skole;Ringerike (2020 - 2023);44;45;44;;
Haugsbygd ungdomsskole;Ringerike (2020 - 2023);51;52;*;;
Hov ungdomsskole;Ringerike (2020 - 2023);50;48;50;;
Nes skole;Ringerike (2020 - 2023);*;*;*;;
Ringerike Montessori AS;Ringerike (2020 - 2023);*;*;*;;
Ringerike steinerskole Sti;Ringerike (2020 - 2023);*;51;*;;
Sokna skole;Ringerike (2020 - 2023);*;*;46;;
Steinsfjorden montessoriskole SA;Ringerike (2020 - 2023);46;46;48;;
Tyristrand skole;Ringerike (2020 - 2023);49;50;51;;
Veienmarka ungdomsskole;Ringerike (2020 - 2023);51;50;48;;
Rollag;Rollag (2020 - 2023);*;*;*;;
Veggli skole;Rollag (2020 - 2023);*;*;*;;
Rælingen;Rælingen (2020 - 2023);49;46;46;;
Marikollen ungdomsskole;Rælingen (2020 - 2023);48;45;45;;
Sandbekken ungdomsskole og oppvekstsenter;Rælingen (2020 - 2023);51;47;48;;
Råde;Råde (2020 - 2023);46;45;46;;
Råde kommune Råde ungdomsskole;Råde (2020 - 2023);46;45;46;;
Sarpsborg;Sarpsborg (2020 - 2023);49;47;47;;
Childrens International School Sarpsborg AS;Sarpsborg (2020 - 2023);*;54;*;;
Grålum ungdomsskole;Sarpsborg (2020 - 2023);49;47;47;;
Hafslund ungdomsskole;Sarpsborg (2020 - 2023);46;44;46;;
Kruseløkka ungdomsskole;Sarpsborg (2020 - 2023);51;48;47;;
Olavsborg Kristne skole;Sarpsborg (2020 - 2023);*;54;*;;
Sandbakken barne- og ungdomsskole;Sarpsborg (2020 - 2023);49;46;47;;
Tindlund ungdomsskole;Sarpsborg (2020 - 2023);49;46;46;;
Varteig barne- og ungdomsskole;Sarpsborg (2020 - 2023);47;47;47;;
Sigdal;Sigdal (2020 - 2023);45;48;47;;
Sigdal ungdomsskole;Sigdal (2020 - 2023);45;48;47;;
Skiptvet;Skiptvet (2020 - 2023);48;49;44;;
Kirkelund skole;Skiptvet (2020 - 2023);48;49;44;;
Ullensaker;Ullensaker (2020 - 2023);49;46;47;;
Allergot ungdomsskole;Ullensaker (2020 - 2023);48;45;45;;
Gystadmarka ungdomsskole;Ullensaker (2020 - 2023);49;46;47;;
Hoppensprett Akademiet AS avd ungdomsskole;Ullensaker (2020 - 2023);48;46;47;;
Nordby ungdomsskole;Ullensaker (2020 - 2023);49;47;48;;
Vesong ungdomsskole;Ullensaker (2020 - 2023);50;47;48;;
Vestby;Vestby (2020 - 2023);50;48;48;;
Grevlingen skole;Vestby (2020 - 2023);49;48;48;;
Vestby ungdomsskole;Vestby (2020 - 2023);52;49;48;;
Våler (Viken);Våler (Viken) (2020 - 2023);45;45;44;;
Våler ungdomsskole;Våler (Viken) (2020 - 2023);45;45;44;;
Øvre Eiker;Øvre Eiker (2020 - 2023);48;48;48;;
Hokksund ungdomsskole;Øvre Eiker (2020 - 2023);48;49;48;;
Skotselv skole;Øvre Eiker (2020 - 2023);49;49;49;;
Vestfossen ungdomsskole;Øvre Eiker (2020 - 2023);48;46;49;;
Ål;Ål (2020 - 2023);47;46;47;;
Ål ungdomsskule;Ål (2020 - 2023);47;46;47;;
Ås;Ås (2020 - 2023);53;51;51;;
Nordbytun ungdomsskole;Ås (2020 - 2023);*;*;*;;
Steinerskolen i Ås;Ås (2020 - 2023);*;*;*;;
Ås ungdomsskole;Ås (2020 - 2023);*;*;*;;
