EnhetNavn;Kommune;Engelsk;Lesing;Regning;lat;lng
Arendal International School (Ais);Arendal;61;49;50;;
Asdal skole;Arendal;47;45;46;;
Birkenlund skole;Arendal;49;47;46;;
Hisøy skole 1-10 Skoler;Arendal;55;56;56;;
Moltemyr skole;Arendal;48;44;43;;
Nedenes skole;Arendal;49;50;50;;
Roligheden skole Barne-/Ungdomstrinnet;Arendal;53;50;50;;
St. Franciskus skole;Arendal;50;50;45;;
Stiftelsen steinerskolen i Arendal;Arendal;52;47;49;;
Stinta skole barne- og Ungdomstrinnet;Arendal;51;49;49;;
Stuenes skole barne- og Ungdomstrinn;Arendal;50;48;46;;
Engesland skole;Birkenes;*;*;*;;
Valstrand skole;Birkenes;*;*;*;;
Bygland skule;Bygland;53;52;54;;
Bykle barne- og ungdomsskule;Bykle;*;*;*;;
Evje ungdomsskule;Evje og Hornnes;51;51;50;;
Farsund ungdomsskole;Farsund;50;50;51;;
Lista ungdomsskole;Farsund;47;47;47;;
Flekkefjord ungdomsskole;Flekkefjord;48;47;49;;
Froland ungdomsskole;Froland;48;46;46;;
Abel skole;Gjerstad;47;45;43;;
Drottningborg ungdomsskole AS;Grimstad;49;50;49;;
Fevik skole;Grimstad;51;51;50;;
Grimstad ungdomsskole;Grimstad;49;48;49;;
Holviga ungdomsskole;Grimstad;56;54;55;;
Iveland skole;Iveland;49;43;48;;
Finsland skole;Kristiansand;47;47;45;;
Fiskå skole;Kristiansand;49;47;47;;
Grim skole;Kristiansand;50;48;46;;
Haumyrheia skole;Kristiansand;49;47;49;;
Havlimyra skole;Kristiansand;50;48;49;;
Holte skole;Kristiansand;54;53;53;;
Karuss skole;Kristiansand;51;47;46;;
Kristiansand Internasjonale skole;Kristiansand;56;*;*;;
Krossen skole - Kompetanse;Kristiansand;;;;;
Lindebøskauen skole;Kristiansand;48;50;49;;
Møvig skole;Kristiansand;49;45;47;;
Oasen skole Birkelid AS;Kristiansand;51;45;46;;
Oasen skole Strømme AS grunnskole;Kristiansand;47;53;52;;
Oasen skole Vågsbygd AS;Kristiansand;*;*;*;;
Oddemarka skole;Kristiansand;52;50;50;;
Samfundets skole Sentrum;Kristiansand;53;57;53;;
Songdalen skole;Kristiansand;47;46;45;;
Stiftelsen steinerskolen i Kristiansand;Kristiansand;*;*;*;;
Tangvall skole;Kristiansand;52;50;47;;
Tinntjønn skole;Kristiansand;47;47;*;;
Torridal skole;Kristiansand;51;48;49;;
Ve skole;Kristiansand;50;*;46;;
Vigvoll skole;Kristiansand;51;48;47;;
Kvinesdal ungdomsskole;Kvinesdal;44;42;44;;
Kvinlog skule;Kvinesdal;48;48;45;;
Lillesand kommune - Høvåg skole;Lillesand;47;50;50;;
Lillesand kommune - Lillesand ungdomsskole;Lillesand;49;49;47;;
Blomdalen ungdomsskole;Lindesnes;50;49;49;;
Oasen skole Mandal AS;Lindesnes;*;*;*;;
Vassmyra ungdomsskole;Lindesnes;*;*;*;;
Vigeland ungdomsskole;Lindesnes;*;*;*;;
Øyslebø ungdomsskole;Lindesnes;48;46;46;;
Byremo ungdomsskole;Lyngdal;47;*;*;;
Lyngdal ungdomsskole;Lyngdal;48;*;*;;
Stiftelsen Lyngdal Kristne grunnskole;Lyngdal;48;*;*;;
Risør ungdomsskole;Risør;49;48;48;;
Sinnes skule;Sirdal;*;*;*;;
Tonstad skule;Sirdal;*;*;*;;
Lyngmyr skole;Tvedestrand;50;49;48;;
Valle skule;Valle;*;*;*;;
Vegårshei skule;Vegårshei;48;49;47;;
Oasen skole Vennesla AS;Vennesla;50;41;48;;
Skarpengland skole;Vennesla;49;49;45;;
Vennesla ungdomsskole;Vennesla;48;46;46;;
Åmli skule;Åmli;48;47;45;;
Åseral barne- og ungdomsskule;Åseral;46;52;49;;
Borgen ungdomsskole;Asker;54;50;49;;
Hovedgården ungdomsskole;Asker;53;49;51;;
Landøya ungdomsskole;Asker;53;53;52;;
Norges Toppidrettsgymnas ungdomsskole Asker AS;Asker;53;54;55;;
Risenga ungdomsskole;Asker;55;54;53;;
Røyken ungdomsskole;Asker;53;50;46;;
Slemmestad ungdomsskole;Asker;50;50;48;;
Solvang ungdomsskole;Asker;51;51;52;;
Spikkestad ungdomsskole;Asker;48;50;47;;
Steinerskolen i Asker skole;Asker;47;*;;;
Steinerskolen i Hurum Sti;Asker;47;*;42;;
Stiftelsen Asker International School;Asker;63;52;57;;
Sætre ungdomsskole;Asker;49;47;44;;
Tofte ungdomsskole;Asker;50;46;46;;
Torstad ungdomsskole;Asker;52;51;52;;
Vollen ungdomsskole;Asker;53;51;50;;
Aurskog-Høland kommune - Aursmoen skole;Aurskog-Høland;49;46;44;;
Aurskog-Høland kommune - Bjørkelangen skole;Aurskog-Høland;47;46;46;;
Aurskog-Høland kommune - Bråte skole;Aurskog-Høland;46;45;44;;
Bekkestua skole;Bærum;53;52;51;;
Bjørnegård skole;Bærum;52;50;49;;
Eineåsen skole;Bærum;48;47;45;;
Gjettum skole;Bærum;52;49;49;;
Hauger skole;Bærum;52;49;50;;
Hosletoppen skole;Bærum;53;53;53;;
Hundsund ungdomsskole;Bærum;53;52;52;;
Mølladammen ungdomsskole;Bærum;51;50;49;;
Norges Realfagsungdomsskole Sandvika AS;Bærum;63;60;66;;
Norges Toppidrettsgymnas ungdomsskole Bærum AS;Bærum;56;55;56;;
Oslo International School;Bærum;61;50;*;;
Ramstad skole;Bærum;53;52;51;;
Ringstabekk skole;Bærum;54;52;51;;
Steinerskolen i Bærum Grunnskoleundervisning;Bærum;*;*;*;;
Stiftelsen Bærum montessoriskole;Bærum;*;*;*;;
Vøyenenga skole;Bærum;50;48;46;;
Østerås skole;Bærum;54;55;53;;
Feiring skole;Eidsvoll;*;*;*;;
Råholt ungdomsskole;Eidsvoll;49;46;46;;
Steinerskolen på Eidsvoll;Eidsvoll;*;*;*;;
Vilberg ungdomsskole;Eidsvoll;*;*;*;;
Kirkebygden barne- og ungdomsskole;Enebakk;51;48;45;;
Mjær ungdomsskole;Enebakk;49;46;48;;
Drøbak Montessori ungdomsskole AS;Frogn;*;*;*;;
Dyrløkkeåsen skole;Frogn;51;50;50;;
Seiersten ungdomsskole;Frogn;52;51;50;;
Stiftelsen Soon sjøskole;Frogn;*;*;*;;
Gjerdrum ungdomsskole;Gjerdrum;48;47;45;;
Hurdal skole og kultursenter avd skole;Hurdal;49;49;46;;
Jevnaker ungdomsskole;Jevnaker;51;49;46;;
Asak skole;Lillestrøm;*;*;46;;
Bingsfoss ungdomsskole;Lillestrøm;50;49;46;;
Bråtejordet skole;Lillestrøm;51;48;46;;
Frogner skole;Lillestrøm;52;50;49;;
Frydenlund skole og ressurssenter;Lillestrøm;;;;;
Kjeller skole;Lillestrøm;52;50;50;;
Oks friskole Sti;Lillestrøm;*;*;*;;
Romerike steinerskole AS;Lillestrøm;*;*;*;;
Sophie Radich skole;Lillestrøm;52;50;50;;
Stav skole;Lillestrøm;50;47;47;;
Sten-Tærud skole;Lillestrøm;49;49;48;;
Tæruddalen skole;Lillestrøm;51;47;46;;
Østersund ungdomsskole;Lillestrøm;52;49;49;;
Harestua skole;Lunner;52;51;50;;
Lunner ungdomsskole;Lunner;47;44;45;;
Fjellsrud skole;Lørenskog;51;48;48;;
Hammer skole;Lørenskog;53;49;49;;
Kjenn skole;Lørenskog;50;47;46;;
Løkenåsen skole;Lørenskog;49;48;47;;
Lørenskog friskole;Lørenskog;55;52;47;;
Rudolf steinerskolen Lørenskog Sti;Lørenskog;47;43;42;;
Wang Romerike AS;Lørenskog;55;57;55;;
Nannestad ungdomsskole;Nannestad;50;47;46;;
Hoppensprett Akademiet Brårud AS;Nes;45;40;41;;
Romerike International School Sti;Nes;57;45;47;;
Runni ungdomsskole;Nes;50;46;46;;
Vormsund ungdomsskole;Nes;49;48;46;;
Alværn ungdomsskole;Nesodden;54;52;51;;
Bakkeløkka ungdomsskole;Nesodden;50;47;48;;
Rudolf steinerskolen stiftelsen avd Undervisning;Nesodden;45;47;41;;
Tangenåsen ungdomsskole;Nesodden;53;50;51;;
Hakadal ungdomsskole;Nittedal;51;51;46;;
Li skole;Nittedal;52;49;48;;
Nittedal ungdomsskole;Nittedal;53;53;51;;
Fløysbonn ungdomsskole;Nordre Follo;53;50;49;;
Flåtestad ungdomsskole;Nordre Follo;53;50;51;;
Follo barne- og ungdomsskole;Nordre Follo;;;;;
Forsterket Skoletilbud Avd Gjedsjø;Nordre Follo;;;;;
Forsterket Skoletilbud Avd Sofiemyråsen;Nordre Follo;;;;;
Haugjordet ungdomsskole;Nordre Follo;52;50;49;;
Hellerasten ungdomsskole;Nordre Follo;52;50;50;;
Ingieråsen ungdomsskole;Nordre Follo;53;52;51;;
Kråkstad skole;Nordre Follo;51;50;50;;
Magasinparken ungdomsskole;Nordre Follo;53;51;50;;
Siggerud skole;Nordre Follo;48;48;47;;
Wang Ung Follo AS;Nordre Follo;50;51;52;;
Marikollen ungdomsskole;Rælingen;50;47;47;;
Sandbekken ungdomsskole og oppvekstsenter;Rælingen;54;51;49;;
Allergot ungdomsskole;Ullensaker;49;48;46;;
Gystadmarka ungdomsskole;Ullensaker;49;47;47;;
Hoppensprett Akademiet AS avd ungdomsskole;Ullensaker;49;47;48;;
Nordby ungdomsskole;Ullensaker;50;47;46;;
Vesong ungdomsskole;Ullensaker;50;48;48;;
Grevlingen skole;Vestby;50;51;49;;
Vestby ungdomsskole;Vestby;50;48;47;;
Nordbytun ungdomsskole;Ås;*;*;*;;
Steinerskolen i Ås;Ås;*;*;*;;
Ås ungdomsskole;Ås;*;*;*;;
Akademiet realfagsskole Drammen AS;Drammen;52;53;55;;
Børresen ungdomsskole;Drammen;52;51;49;;
Eknes ungdomsskole;Drammen;50;47;47;;
Galterud ungdomsskole;Drammen;51;47;46;;
Gulskogen skole;Drammen;53;50;49;;
Killingrud ungdomsskole;Drammen;49;48;47;;
Kjøsterud skole;Drammen;52;48;47;;
Marienlyst ungdomsskole;Drammen;51;48;49;;
Rosendal skole;Drammen;54;57;50;;
Svelvik ungdomsskole;Drammen;48;46;42;;
Svensedammen ungdomsskole;Drammen;52;52;50;;
Veiavangen ungdomsskole;Drammen;51;48;47;;
Flesberg skole;Flesberg;50;51;46;;
Flå skole;Flå;48;48;46;;
Gol skule;Gol;47;50;45;;
Hemsedal skole;Hemsedal;49;49;50;;
Geilo barne- og ungdomsskole;Hol;50;49;47;;
Hole ungdomsskole;Hole;*;*;*;;
Tyrifjord barne- og ungdomsskole;Hole;*;*;*;;
Hvittingfoss barne- og ungdomsskole;Kongsberg;53;48;52;;
Skrim ungdomsskole;Kongsberg;48;46;43;;
Stiftelsen Kongsberg International School;Kongsberg;60;51;52;;
Tislegård ungdomsskole;Kongsberg;50;50;50;;
Vestsiden ungdomsskole;Kongsberg;50;48;48;;
Krødsherad skole;Krødsherad;55;54;53;;
Akademiet ungdomsskole Lier AS;Lier;*;*;48;;
Høvik skole;Lier;51;51;51;;
Lierbyen skole;Lier;*;*;47;;
Sylling skole;Lier;*;*;42;;
Tranby skole;Lier;50;49;48;;
Nordre Modum ungdomsskole;Modum;46;48;45;;
Søndre Modum ungdomsskole;Modum;50;47;45;;
Nesbyen ungdomsskole;Nesbyen;47;46;47;;
Rødberg skole;Nore og Uvdal;49;52;50;;
Hallingby skole;Ringerike;53;51;51;;
Haugsbygd ungdomsskole;Ringerike;52;51;50;;
Hov ungdomsskole;Ringerike;49;48;48;;
Nes skole;Ringerike;*;*;*;;
Ringerike Montessori AS;Ringerike;*;*;*;;
Ringerike steinerskole Sti;Ringerike;47;39;43;;
Sokna skole;Ringerike;*;*;*;;
Steinsfjorden montessoriskole SA;Ringerike;*;*;*;;
Tyristrand skole;Ringerike;47;48;48;;
Veienmarka ungdomsskole;Ringerike;50;47;45;;
Veggli skole;Rollag;46;51;46;;
Sigdal ungdomsskole;Sigdal;46;45;44;;
Hokksund ungdomsskole;Øvre Eiker;50;49;49;;
Skotselv skole;Øvre Eiker;51;46;45;;
Vestfossen ungdomsskole;Øvre Eiker;50;47;48;;
Ål ungdomsskule;Ål;48;48;45;;
Alta Kristne grunnskole SA;Alta;*;*;*;;
Alta ungdomsskole;Alta;49;48;44;;
Haldde montessoriskole SA;Alta;*;*;*;;
Kvalfjord skole;Alta;*;*;*;;
Rafsbotn skole;Alta;54;49;49;;
Sandfallet ungdomsskole;Alta;47;45;46;;
Talvik skole;Alta;*;*;*;;
Tverrelvdalen skole;Alta;53;49;49;;
Berlevåg skole;Berlevåg;*;*;*;;
Båtsfjord skole;Båtsfjord;54;47;49;;
Deanu Sàmeskuvla;Deatnu - Tana;*;;*;;
Tana montessoriskole AS;Deatnu - Tana;*;*;*;;
Tanabru skole;Deatnu - Tana;48;*;;;
Mehamn skole;Gamvik;*;*;*;;
Kautokeino skole;Guovdageaidnu - Kautokeino;46;*;41;;
Breilia skole;Hammerfest - Hámmerfeasta;47;48;45;;
Fjordtun skole;Hammerfest - Hámmerfeasta;51;49;48;;
Forsøl skole;Hammerfest - Hámmerfeasta;*;*;*;;
Kokelv oppvekstsenter;Hammerfest - Hámmerfeasta;*;*;*;;
Kvalsund skole;Hammerfest - Hámmerfeasta;*;*;*;;
Breivikbotn skole;Hasvik;*;*;*;;
Karasjok grunnskole;Kárášjohka - Karasjok;50;*;45;;
Kjøllefjord skole;Lebesby;*;*;*;;
Lebesby oppvekstsenter Avdeling skole;Lebesby;*;*;*;;
Høgtun skole;Loppa;*;*;*;;
Gunnarnes skole;Måsøy;*;*;*;;
Havøysund skole;Måsøy;*;*;*;;
Honningsvåg skole;Nordkapp;52;52;49;;
Billefjord Sjøsamiske oppvekstsenter Avdeling skole;Porsanger - Porsángu - Porsanki;*;*;*;;
Børselv skole;Porsanger - Porsángu - Porsanki;*;*;*;;
Lakselv ungdomsskole;Porsanger - Porsángu - Porsanki;48;46;46;;
Bugøynes oppvekstsenter avd skole;Sør-Varanger;*;*;*;;
Kirkenes skole;Sør-Varanger;48;46;46;;
Pasvik skole;Sør-Varanger;*;*;*;;
Sandnes og Bjørnevatn skole;Sør-Varanger;51;51;49;;
Unjargga Oahppogaldu Nesseby oppvekstsenter avd skole;Unjárga - Nesseby;55;48;47;;
Vadsø kommune Vestre Jakobselv oppvekstsenter avd skole;Vadsø;*;*;*;;
Vadsø ungdomsskole og voksenopplæring avd skole;Vadsø;*;*;*;;
Vardø kommune grunnskole;Vardø;47;47;46;;
Alvdal ungdomsskole;Alvdal;48;49;48;;
Dovre ungdomsskole;Dovre;49;47;44;;
Eidskog ungdomsskole;Eidskog;48;46;44;;
Elverum ungdomsskole;Elverum;49;47;47;;
Engerdal barne- og ungdomsskole;Engerdal;*;*;*;;
Etnedal skule;Etnedal;*;*;*;;
Folldal skole;Folldal;44;46;45;;
Gausdal ungdomsskole;Gausdal;49;49;48;;
Biri ungdomsskole;Gjøvik;46;46;43;;
Bjørnsveen ungdomsskole;Gjøvik;49;49;48;;
Kopperud skole;Gjøvik;50;49;48;;
Snertingdal skole;Gjøvik;47;43;43;;
Steinerskolen Gjøvik-Toten;Gjøvik;47;49;44;;
Vardal ungdomsskole;Gjøvik;47;47;46;;
Bjoneroa skole;Gran;*;*;*;;
Brandbu ungdomsskole;Gran;49;48;46;;
Gran ungdomsskole;Gran;*;*;*;;
Grue barne- og ungdomsskole;Grue;49;48;50;;
Ajer ungdomsskole;Hamar;51;51;49;;
Børstad ungdomsskole;Hamar;52;49;48;;
Ener ungdomsskole;Hamar;49;49;49;;
Hamar Montessori skole Sti;Hamar;*;*;*;;
Wang Hamar AS;Hamar;*;*;*;;
Austmarka barne- og ungdomsskole;Kongsvinger;*;*;*;;
Kongsvinger montessoriskole SA;Kongsvinger;*;*;*;;
Kongsvinger ungdomsskole;Kongsvinger;*;*;*;;
Norges Toppidrettsgymnas ungdomsskole Kongsvinger AS;Kongsvinger;*;*;*;;
Lesja skule;Lesja;52;51;50;;
Lesjaskog skule;Lesja;55;54;55;;
Engesvea barne- og ungdomsskole;Lillehammer;*;*;*;;
Hammartun skole;Lillehammer;50;48;47;;
Norges Toppidrettsgymnas ungdomsskole Lillehammer AS;Lillehammer;47;50;50;;
Smestad ungdomsskole;Lillehammer;51;50;47;;
Stiftelsen Lillehammer steinerskole;Lillehammer;*;*;*;;
Åretta ungdomsskole;Lillehammer;50;50;49;;
Lom ungdomsskule;Lom;45;45;48;;
Hedemarken friskole;Løten;49;*;48;;
Løten ungdomsskole;Løten;47;*;46;;
Nord-Aurdal ungdomsskole;Nord-Aurdal;45;44;43;;
Valdres montessoriskule SA;Nord-Aurdal;45;44;47;;
Vinstra ungdomsskole;Nord-Fron;46;44;44;;
Mo barne- og ungdomsskole;Nord-Odal;48;45;44;;
Nordre Land kommune 0-24 Torpa barne- og ungdomsskole;Nordre Land;45;48;43;;
Nordre Land kommune Dokka barne- og ungdomsskole;Nordre Land;45;45;44;;
Os skole;Os;48;47;44;;
Fagertun skole;Rendalen;44;46;47;;
Ringebu ungdomsskole;Ringebu;51;51;51;;
Brumunddal ungdomsskole;Ringsaker;50;47;47;;
Brøttum barne- og ungdomsskole;Ringsaker;49;50;49;;
Furnes ungdomsskole;Ringsaker;47;45;44;;
Moelv ungdomsskole;Ringsaker;47;46;44;;
Nes ungdomsskole;Ringsaker;52;52;51;;
Heidal skule;Sel;48;48;48;;
Otta ungdomsskole;Sel;46;44;45;;
Skjåk barne- og ungdomsskule;Skjåk;46;45;46;;
Ottestad ungdomsskole;Stange;50;49;50;;
Stange ungdomsskole;Stange;47;47;46;;
Steinerskolen på Hedemarken avd grunnskolen Ottestad;Stange;46;48;47;;
Stor-Elvdal ungdomsskole;Stor-Elvdal;50;49;46;;
Søndre Land ungdomsskole;Søndre Land;50;49;47;;
Hedalen barne- og ungdomsskole;Sør-Aurdal;*;*;*;;
Sør-Aurdal ungdomsskole;Sør-Aurdal;*;*;*;;
Sør-Fron ungdomsskule;Sør-Fron;46;42;45;;
Glommasvingen skole;Sør-Odal;47;44;46;;
Tolga skole;Tolga;52;50;50;;
Trysil ungdomsskole;Trysil;50;49;48;;
Kvikne skole;Tynset;*;*;*;;
Tynset ungdomsskole;Tynset;*;*;*;;
Vang barne- og ungdomsskule;Vang;49;46;46;;
Vestre Slidre skule;Vestre Slidre;50;52;49;;
Vestre Toten ungdomsskole;Vestre Toten;50;48;47;;
Vågå ungdomsskule;Vågå;48;48;45;;
Våler barne- og ungdomsskole;Våler (Innlandet);48;48;47;;
Lena ungdomsskole;Østre Toten;48;45;45;;
Skreia ungdomsskole;Østre Toten;50;49;48;;
Øyer ungdomsskole;Øyer;49;47;44;;
Øystre Slidre ungdomsskule;Øystre Slidre;47;50;47;;
Åmot Barne og ungdomsskole;Åmot;47;47;45;;
Åsnes ungdomsskole;Åsnes;48;46;47;;
Gossen barne- og ungdomsskole avd skole;Aukra;50;47;48;;
Julsundet skole;Aukra;49;47;45;;
Aure barne- og ungdomsskole;Aure;*;*;*;;
Tustna barne- og ungdomsskole;Aure;*;*;*;;
Averøy ungdomsskole;Averøy;50;48;48;;
Eidsdal skule;Fjord;*;*;*;;
Stordal skule;Fjord;*;*;*;;
Valldal skule;Fjord;46;52;47;;
Giske ungdomsskule;Giske;48;48;47;;
Batnfjord skule;Gjemnes;45;47;45;;
Brattvåg ungdomsskule;Haram;47;42;45;;
Haramsøy barne- og ungdomsskule;Haram;48;42;*;;
Hildre montessoriskule SA;Haram;*;*;*;;
Vatne ungdomsskule;Haram;*;*;48;;
Hareid ungdomsskule;Hareid;48;46;47;;
Herøy ungdomsskule;Herøy (Møre og Romsdal);50;46;45;;
Møre barne- og ungdomsskule;Herøy (Møre og Romsdal);52;48;46;;
Stokksund barne- og ungdomsskule;Herøy (Møre og Romsdal);47;45;46;;
Bud skule;Hustadvika;48;47;43;;
Eide ungdomsskole;Hustadvika;49;47;47;;
Fræna ungdomsskule;Hustadvika;47;46;46;;
Hustad skole;Hustadvika;45;45;46;;
Atlanten ungdomsskole;Kristiansund;47;45;44;;
Frei ungdomsskole;Kristiansund;49;45;45;;
Nordlandet ungdomsskole;Kristiansund;49;49;49;;
Bekkevoll ungdomsskole;Molde;51;50;50;;
Bergmo ungdomsskole;Molde;52;49;49;;
Eidsvåg barne- og ungdomsskole;Molde;52;50;52;;
Eresfjord barne- og ungdomsskule;Molde;*;*;*;;
Midsund skule;Molde;53;49;52;;
Molde friskole;Molde;*;*;*;;
Sekken oppvekstsenter skole;Molde;*;*;*;;
Skjevik barne- og ungdomsskole;Molde;51;47;48;;
Tøndergård skole og ressurssenter;Molde;;;;;
Vågsetra barne- og ungdomsskole;Molde;49;49;46;;
Måndalen barne- og ungdomsskule;Rauma;*;*;*;;
Åfarnes barne- og ungdomsskole;Rauma;*;*;*;;
Åndalsnes ungdomsskole;Rauma;*;*;*;;
Gursken oppvekstsenter avd skule;Sande;*;*;*;;
Kvamsøy barne- og ungdomsskule;Sande;*;*;*;;
Smøla ungdomsskole;Smøla;54;54;52;;
Stranda ungdomsskule;Stranda;*;*;*;;
Sunnylven skule;Stranda;*;*;*;;
Sula ungdomsskule;Sula;49;47;47;;
Sunndal ungdomsskole;Sunndal;48;46;47;;
Surnadal barne- og ungdomsskule;Surnadal;51;48;48;;
Sykkylven ungdomsskule;Sykkylven;48;46;48;;
Straumsnes barne- og ungdomsskole;Tingvoll;53;50;51;;
Tingvoll barne- og ungdomsskole;Tingvoll;53;51;49;;
Ulstein ungdomsskule;Ulstein;51;48;49;;
Myklebust skule;Vanylven;*;*;*;;
Åheim skule;Vanylven;*;*;*;;
Helland ungdomsskule;Vestnes;46;47;43;;
Tomrefjord skule;Vestnes;48;45;48;;
Dalsfjord skule;Volda;*;*;*;;
Folkestad skule;Volda;*;*;*;;
Hornindal skule;Volda;52;50;51;;
Volda ungdomsskule;Volda;48;47;47;;
Sæbø skule;Ørsta;*;*;*;;
Vartdal skule;Ørsta;*;*;*;;
Ørsta ungdomsskule;Ørsta;50;46;47;;
Akademiet Realfagsungdomsskole Ålesund AS;Ålesund;57;57;53;;
Blindheim ungdomsskole;Ålesund;50;49;48;;
Ellingsøy barne- og ungdomsskole;Ålesund;51;50;50;;
Harøy skule;Ålesund;50;43;47;;
Kolvikbakken ungdomsskole;Ålesund;50;48;49;;
Møre barne- og ungdomsskule Skodje AS;Ålesund;*;53;52;;
Skarbøvik ungdomsskole;Ålesund;48;44;45;;
Skodje barne- og ungdomsskole avd ungdomsskole;Ålesund;49;48;47;;
Spjelkavik ungdomsskole;Ålesund;49;48;46;;
Steinerskolen Ålesund;Ålesund;*;*;*;;
Stiftelsen Møre barne- og Ungdomsskule, Ålesund;Ålesund;50;48;50;;
Ørskog skule;Ålesund;54;50;50;;
Aalesund International School Sti;Ålesund;*;*;*;;
Sandnessjøen ungdomsskole;Alstahaug;49;49;46;;
Søvik oppvekstsenter avd skole;Alstahaug;*;*;*;;
Tjøtta oppvekstsenter avd skole;Alstahaug;*;*;*;;
Andenes skole;Andøy;*;*;*;;
Risøyhamn skole;Andøy;*;*;*;;
Beiarn barne- og ungdomsskole;Beiarn;*;*;*;;
Bindalseidet skole SA;Bindal;*;*;*;;
Terråk skole;Bindal;*;*;*;;
Alberthaugen skole;Bodø;*;*;*;;
Alstad ungdomsskole;Bodø;51;49;51;;
Bankgata ungdomsskole;Bodø;50;49;47;;
Bodøsjøen skole;Bodø;52;51;49;;
Hunstad ungdomsskole;Bodø;50;49;50;;
Kjerringøy oppvekstsenter avd skole;Bodø;*;*;*;;
Løpsmark skole;Bodø;51;51;51;;
Misvær oppvekstsenter avd skole;Bodø;*;*;*;;
Norges Toppidrettsgymnas ungdomsskole Bodø AS;Bodø;50;49;48;;
Rønvik skole;Bodø;50;47;46;;
Saltvern skole;Bodø;51;49;47;;
Skolen i Væran avd skole;Bodø;*;*;*;;
St Eysteins skole;Bodø;43;41;39;;
Tverlandet skole;Bodø;47;44;46;;
Brønnøysund ungdomsskole;Brønnøy;*;*;*;;
Hilstad Barne-Og ungdomsskole;Brønnøy;*;*;*;;
Bø ungdomsskole;Bø;50;47;45;;
Dønna barne- og ungdomsskole;Dønna;*;*;*;;
Løkta oppvekstsenter avd skole;Dønna;*;*;*;;
Evenes skole;Evenes - Evenᚚi;49;49;47;;
Sulitjelma skole;Fauske - Fuossko;*;*;*;;
Valnesfjord skole;Fauske - Fuossko;*;*;*;;
Vestmyra skole;Fauske - Fuossko;48;*;44;;
Flakstad barne- og ungdomsskole;Flakstad;*;*;*;;
Vikten skole;Flakstad;*;*;*;;
Inndyr skole avd skole;Gildeskål;*;*;*;;
Nygårdsjøen oppvekstsenter avd skole;Gildeskål;*;*;*;;
Sandhornøy skole;Gildeskål;*;*;*;;
Sørarnøy skole og barnehage avd skole;Gildeskål;*;*;*;;
Grane barne- og ungdomsskole;Grane;*;*;*;;
Drag skole;Hábmer - Hamarøy;*;*;*;;
Hamarøy montessoriskole;Hábmer - Hamarøy;*;*;*;;
Oppeid skole;Hábmer - Hamarøy;*;*;*;;
Melbu skole;Hadsel;53;44;44;;
Stokmarknes skole;Hadsel;51;47;47;;
Bleikvassli skole;Hemnes;*;*;*;;
Hemnes sentralskole;Hemnes;*;*;*;;
Korgen sentralskole;Hemnes;*;*;*;;
Herøy skole;Herøy (Nordland);48;47;52;;
Leirfjord barne- og ungdomsskole;Leirfjord;50;49;51;;
Konsvik oppvekstsenter avd skole;Lurøy;*;*;*;;
Kvarøy oppvekstsenter skole;Lurøy;*;*;*;;
Lovund skole;Lurøy;*;*;*;;
Onøy Lurøy oppvekstsenter avd skole;Lurøy;*;*;*;;
Sleneset oppvekstsenter skole;Lurøy;*;*;*;;
Lødingen skole;Lødingen;*;*;*;;
Vestbygd skole;Lødingen;*;*;*;;
Enga skole;Meløy;47;45;48;;
Neverdal Enspire skole AS;Meløy;50;44;45;;
Ørnes skole;Meløy;50;48;47;;
Sørvågen skole;Moskenes;48;45;44;;
Ballangen skole;Narvik;44;46;47;;
Kjøpsvik skole;Narvik;*;*;*;;
Narvik ungdomsskole;Narvik;49;47;47;;
Skjomen skole;Narvik;*;*;*;;
Nesna skole avd Nesna;Nesna;48;44;45;;
Rana ungdomsskole;Rana - Raane;*;*;*;;
Storforshei barne- og ungdomsskole;Rana - Raane;*;*;*;;
Utskarpen barne- og ungdomsskole;Rana - Raane;*;*;*;;
Jektvik skole;Rødøy;*;*;*;;
Nesøy skole;Rødøy;;;;;
Rødøy skole;Rødøy;*;*;*;;
Tjongsfjord skole;Rødøy;*;*;*;;
Øresvik skole;Rødøy;*;*;*;;
Røst barne- og ungdomsskole;Røst;*;*;*;;
Rognan ungdomsskole;Saltdal;45;46;44;;
Røkland skole grunnskolen;Saltdal;43;42;43;;
Sortland ungdomsskole;Sortland - Suortá;49;48;45;;
Steigenskolen Leinesfjord;Steigen;47;45;43;;
Vik skole;Sømna;53;50;49;;
Straumen skole;Sørfold - Fuolldá;41;40;38;;
Husøy skole;Træna;*;*;*;;
Granmoen skole;Vefsn;46;46;46;;
Kippermoen ungdomsskole;Vefsn;49;48;47;;
Vega barne- og ungdomsskole;Vega;48;44;47;;
Ballstad skole;Vestvågøy;51;45;*;;
Bøstad skole;Vestvågøy;*;*;*;;
Leknes skole;Vestvågøy;49;46;46;;
Opdøl montessoriskole Barne og ungdomsskole;Vestvågøy;*;*;*;;
Svarholt skole;Vestvågøy;*;*;47;;
Vevelstad sentralskole;Vevelstad;*;*;*;;
Værøy skole;Værøy;*;*;*;;
Gimsøy skole;Vågan;*;*;*;;
Henningsvær skole;Vågan;*;*;*;;
Kabelvåg skole;Vågan;47;46;48;;
Laukvik skole;Vågan;*;*;*;;
Laupstad skole;Vågan;*;*;*;;
Skrova skole;Vågan;*;*;*;;
Svolvær skole;Vågan;52;50;45;;
Ørsnes privatskole;Vågan;*;*;*;;
Myre skole;Øksnes;50;46;50;;
Hattfjelldal oppvekstsenter avd skole;Aarborte - Hattfjelldal;*;47;49;;
Abildsø skole;Oslo;54;53;51;;
Akademiet realfagsskole Oslo AS;Oslo;57;54;54;;
Apalløkka skole;Oslo;51;49;47;;
Bentsebrua skole;Oslo;53;51;50;;
Bjørnholt ungdomsskole;Oslo;50;47;44;;
Bjørnsletta skole;Oslo;54;53;53;;
Bjøråsen skole;Oslo;52;48;46;;
Brannfjell skole;Oslo;54;54;52;;
Bøler skole;Oslo;55;55;53;;
Den Tysk-Norske skolen i Oslo Avd grunnskole Sporveisgata;Oslo;58;51;57;;
Ellingsrud skole;Oslo;52;49;46;;
Engebråten skole;Oslo;54;56;54;;
Fagerborg skole;Oslo;54;52;51;;
Frydenberg skole;Oslo;53;50;49;;
Fyrstikkalleen skole;Oslo;54;50;49;;
Granstangen skole;Oslo;50;45;44;;
Groruddalen skole;Oslo;50;49;47;;
Haugenstua skole;Oslo;49;46;46;;
Haugerud skole;Oslo;50;47;46;;
Hauketo skole;Oslo;50;47;45;;
Haukåsen skole;Oslo;;;;;
Holmlia skole;Oslo;49;46;45;;
Hovseter skole;Oslo;56;56;55;;
Humanistskolen;Oslo;56;55;52;;
Høyenhall skole;Oslo;53;52;52;;
Jordal skole;Oslo;52;49;46;;
Karlsrud skole;Oslo;56;54;50;;
Kastellet skole;Oslo;57;56;57;;
Kristelig gymnasium AS grunnskole;Oslo;55;55;52;;
Lambertseter skole;Oslo;49;47;48;;
Lindeberg skole;Oslo;48;45;44;;
Linderud skole;Oslo;*;*;46;;
Ljabruskolen - steinerskole for Elever Med Spesielle Behov Sti;Oslo;;;;;
Lofsrud skole;Oslo;51;46;45;;
Lycee Francais Rene Cassin Doslo;Oslo;58;51;55;;
Lønnebakken skole;Oslo;*;*;*;;
Majorstuen skole;Oslo;55;54;54;;
Manglerud skole;Oslo;55;53;52;;
Marienlyst skole;Oslo;57;55;53;;
Midtstuen skole;Oslo;55;55;55;;
Morellbakken skole;Oslo;55;54;54;;
Nordberg skole;Oslo;55;55;54;;
Nordpolen skole;Oslo;55;54;52;;
Nordseter skole;Oslo;55;54;53;;
Nordstrand ungdomsskole;Oslo;53;53;52;;
Nordvoll skole;Oslo;;;;;
Norlights International School Oslo AS;Oslo;54;42;43;;
Nyskolen i Oslo grunnskole;Oslo;53;47;46;;
Oppsal skole;Oslo;56;54;53;;
Oslo kommune Språksenteret;Oslo;;;;;
Oslo montessoriskole;Oslo;57;57;50;;
Ris skole;Oslo;56;56;55;;
Rommen skole;Oslo;50;45;45;;
Rudolf steinerskolen i Oslo Sti;Oslo;46;49;48;;
Ruseløkka skole;Oslo;55;53;52;;
Ryenberget skole;Oslo;54;51;48;;
Sagene skole;Oslo;55;52;53;;
Skullerud skole;Oslo;51;49;48;;
Skøyenåsen skole;Oslo;53;52;52;;
Sofienberg skole;Oslo;52;48;47;;
Sollerudstranda skole;Oslo;;;;;
St Sunniva skole avd Undervisning;Oslo;57;53;49;;
Stasjonsfjellet skole;Oslo;52;51;49;;
Steinerskolen på Nordstrand;Oslo;48;48;48;;
Stiftelsen montessoriskolen Lyse;Oslo;60;54;55;;
Teglverket skole;Oslo;56;54;52;;
Tokerud skole;Oslo;49;43;43;;
Ullevålsveien skole;Oslo;;;;;
Uranienborg skole;Oslo;54;53;50;;
Veitvet skole;Oslo;50;47;44;;
Vestre Aker skole;Oslo;;;;;
Vetland skole grunnskole;Oslo;;;*;;
Voksentoppen skole;Oslo;;;;;
Voldsløkka skole;Oslo;53;53;52;;
Vollebekk skole;Oslo;52;50;49;;
Wang Ung Oslo AS;Oslo;53;55;54;;
Øraker skole;Oslo;57;54;54;;
Østmarka skole;Oslo;51;48;48;;
Årvoll skole;Oslo;53;51;51;;
Vikeså skule;Bjerkreim;51;48;47;;
Bokn skule;Bokn;*;*;*;;
Gamleveien skole;Eigersund;*;*;*;;
Hellvik skole;Eigersund;*;*;*;;
Husabø ungdomsskole;Eigersund;*;*;*;;
Lagård ungdomsskole;Eigersund;52;49;50;;
Samfundets skole Egersund;Eigersund;*;*;*;;
Dirdal skole;Gjesdal;*;*;55;;
Gjesdal ungdomsskole;Gjesdal;52;50;*;;
Kongstun Kristne friskole;Gjesdal;*;*;*;;
Oltedal skole;Gjesdal;*;*;*;;
Haraldsvang skole;Haugesund;51;48;46;;
Hauge skole;Haugesund;*;*;*;;
Haugesund Toppidrettsgymnas AS;Haugesund;53;52;52;;
Håvåsen skole;Haugesund;50;48;47;;
Røvær skole;Haugesund;*;*;*;;
Skåredalen skole;Haugesund;50;47;50;;
Steinerskolen i Haugesund;Haugesund;44;41;43;;
Hjelmeland skule;Hjelmeland;49;45;50;;
Nærbø ungdomsskule;Hå;50;48;48;;
Ogna skule;Hå;46;45;47;;
Tryggheim ungdomsskule;Hå;50;52;51;;
Varhaug ungdomsskule;Hå;48;48;47;;
Vigrestad storskule;Hå;49;48;48;;
Bø ungdomsskole;Karmøy;46;46;45;;
Danielsen ungdomsskole Haugalandet AS;Karmøy;49;50;48;;
Danielsen ungdomsskole Karmøy AS;Karmøy;50;47;48;;
Haugesund International School Sti;Karmøy;57;45;48;;
Skudenes ungdomsskole;Karmøy;47;44;44;;
Stangeland ungdomsskole;Karmøy;50;45;47;;
Vormedal ungdomsskole;Karmøy;50;49;49;;
Åkra ungdomsskole;Karmøy;48;46;45;;
Bore ungdomsskule;Klepp;50;47;46;;
Klepp ungdomsskule;Klepp;49;48;49;;
Orstad skule;Klepp;50;50;50;;
Kvitsøy skole;Kvitsøy;*;*;*;;
Lund ungdomsskole;Lund;49;47;48;;
Goa skole;Randaberg;50;47;49;;
Grødem skole;Randaberg;51;48;49;;
Harestad skole;Randaberg;48;45;46;;
Bogafjell ungdomsskole;Sandnes;52;50;49;;
Figgjo skole;Sandnes;54;51;50;;
Forsand skule;Sandnes;48;48;47;;
Forus friskole - Bus;Sandnes;52;46;49;;
Giske ungdomsskole;Sandnes;52;49;49;;
Høle barne- og ungdomsskule;Sandnes;56;49;58;;
Høyland ungdomsskole;Sandnes;51;50;48;;
Lundehaugen ungdomsskole;Sandnes;49;47;48;;
Lurahammaren ungdomsskole;Sandnes;51;47;46;;
Riska ungdomsskole;Sandnes;46;45;45;;
Sandnes friskole AS;Sandnes;56;57;52;;
Sandnes International School AS;Sandnes;*;*;*;;
Skeiane ungdomsskole;Sandnes;52;50;50;;
Vatneli skole;Sandnes;*;*;*;;
Wang Ung Sandnes AS;Sandnes;50;50;50;;
Øygard ungdomsskole;Sandnes;50;48;47;;
Sauda ungdomsskule;Sauda;53;51;52;;
Sokndal skole;Sokndal;48;46;46;;
Dysjaland skule;Sola;50;46;48;;
Kjerrberget ungdomsskole;Sola;54;51;50;;
Sola ungdomsskole;Sola;52;51;50;;
Tananger ungdomsskole;Sola;53;50;49;;
Auglend skole;Stavanger;;*;*;;
Austbø skole;Stavanger;50;48;47;;
Biss Gausel Sti;Stavanger;61;46;54;;
Biss Sentrum AS;Stavanger;61;47;50;;
Finnøy skule;Stavanger;*;*;*;;
Gautesete skole;Stavanger;52;49;49;;
Gosen skole;Stavanger;52;50;51;;
Hinna skole;Stavanger;53;51;49;;
Johannes læringssenter Flerspråklige Barn;Stavanger;*;;;;
Kannik skole;Stavanger;53;51;50;;
Kristen friskole AS;Stavanger;53;53;51;;
Kristianslyst skole;Stavanger;52;51;49;;
Lunde skole;Stavanger;52;49;46;;
Norlights montessoriskole Stavanger AS;Stavanger;*;*;*;;
Rennesøy skule;Stavanger;52;50;51;;
Revheim skole;Stavanger;53;50;50;;
Smiodden skole;Stavanger;52;49;48;;
St. Svithun skole;Stavanger;50;47;47;;
Stavanger Kristne grunnskole;Stavanger;*;*;*;;
Steinerskolen Stavanger grunnskole;Stavanger;49;47;45;;
Tastarustå skole;Stavanger;50;48;49;;
Tastaveden skole;Stavanger;55;52;53;;
Ullandhaug skole;Stavanger;53;48;50;;
Wang Ung Stavanger AS;Stavanger;52;54;55;;
Jørpeland ungdomsskole;Strand;48;47;46;;
Kfskolen - Jørpeland;Strand;*;*;*;;
Tau ungdomsskole;Strand;47;48;45;;
Tryggheim Strand AS;Strand;*;*;*;;
Sand skule avd skule;Suldal;46;46;47;;
Bryne ungdomsskule;Time;49;48;48;;
Frøyland ungdomsskule;Time;51;49;48;;
Jærtun Lutherske friskule;Time;51;53;51;;
Lye ungdomsskule;Time;48;47;50;;
Vardheia ungdomsskule;Time;49;49;49;;
Frakkagjerd ungdomsskole;Tysvær;47;48;47;;
Nedstrand barne- og ungdomsskule;Tysvær;*;*;*;;
Tysværvåg barne- og ungdomsskule;Tysvær;*;*;*;;
Utsira skole;Utsira;*;*;*;;
Skjold skule;Vindafjord;47;46;47;;
Vikedal skule;Vindafjord;47;46;48;;
Ølen skule;Vindafjord;48;48;48;;
Bamble ungdomsskole;Bamble;47;46;45;;
Drangedal 10-Årige skole;Drangedal;49;49;47;;
Gimle skule;Fyresdal;46;46;45;;
Sauland skule;Hjartdal;48;45;45;;
Kragerø skole;Kragerø;49;47;46;;
Sannidal ungdomsskole;Kragerø;47;46;44;;
Kviteseid skule;Kviteseid;54;54;55;;
Bø ungdomsskule;Midt-Telemark;50;*;*;;
Gvarv skole;Midt-Telemark;*;*;*;;
Sauar friskole;Midt-Telemark;*;*;*;;
Tveit skule / Nissedal ungdomsskule;Nissedal;50;49;49;;
Holla 10-Årige skole;Nome;51;48;43;;
Lunde 10-Årige skole;Nome;49;45;46;;
Gransherad skole;Notodden;*;40;*;;
Heddal ungdomsskole;Notodden;*;46;*;;
Notodden ungdomsskole;Notodden;48;45;44;;
Heistadskolene avd Ungdom;Porsgrunn;50;50;48;;
Kjølnes ungdomsskole;Porsgrunn;51;50;49;;
Sandøya montessoriskole;Porsgrunn;*;*;*;;
Stiftelsen International School Telemark;Porsgrunn;*;*;*;;
Telemark Toppidrett ungdomsskole Porsgrunn AS;Porsgrunn;53;54;55;;
Tveten ungdomsskole;Porsgrunn;49;46;46;;
Vestsiden skole;Porsgrunn;52;50;48;;
Seljord barne- og ungdomsskule skole 1-10;Seljord;46;46;45;;
Siljan ungdomsskole;Siljan;46;46;48;;
Enggrav skole og barnehage Avd skole;Skien;;;;;
Gimsøy skole;Skien;50;48;47;;
Gjerpen ungdomsskole;Skien;50;49;46;;
Gulset ungdomsskole;Skien;53;51;50;;
Kongerød ungdomsskole;Skien;48;45;46;;
Menstad ungdomsskole;Skien;52;51;50;;
Mæla ungdomsskole;Skien;50;48;46;;
Oasen skole Grenland AS;Skien;48;49;45;;
Skauen Kristelige skole;Skien;50;53;51;;
Skien kommune Spesialpedagogisk Enhet;Skien;;;;;
Telemark Toppidrett ungdomsskole Skien AS;Skien;50;50;50;;
Atrå barne- og ungdomsskole;Tinn;45;47;46;;
Rjukan ungdomsskole;Tinn;*;*;*;;
Tinn montessoriskole SA;Tinn;*;*;*;;
Høydalsmo skule;Tokke;*;*;*;;
Tokke skule;Tokke;*;*;*;;
Edland skule avd skule;Vinje;*;*;43;;
Rauland skule avd skule;Vinje;50;47;50;;
Åmot skule avd skule;Vinje;*;*;46;;
Laksvatn oppvekstsenter avd skole;Balsfjord;*;*;*;;
Malangen skole;Balsfjord;*;*;*;;
Nordkjosbotn skole;Balsfjord;53;50;47;;
Storsteinnes skole;Balsfjord;47;44;46;;
Bardu ungdomsskole;Bardu;49;48;46;;
Grov skole;Dielddanuorri - Tjeldsund;52;50;51;;
Ramsund skole;Dielddanuorri - Tjeldsund;50;48;49;;
Skånland skole;Dielddanuorri - Tjeldsund;48;47;47;;
Elvetun skole;Dyrøy;*;*;*;;
Indre Kåfjord barne- og ungdomsskole;Gáivuotna - Kåfjord - Kaivuono;*;*;*;;
Manndalen skole;Gáivuotna - Kåfjord - Kaivuono;*;*;*;;
Olderdalen skole;Gáivuotna - Kåfjord - Kaivuono;*;*;*;;
Gratangsbotn skole;Gratangen - Rivtták;*;*;*;;
Montessoriskolen Morgan AS;Gratangen - Rivtták;*;*;*;;
Hagebyen skole;Harstad - Hárstták;50;47;46;;
Kila skole;Harstad - Hárstták;49;47;47;;
Seljestad ungdomsskole;Harstad - Hárstták;51;49;47;;
Stangnes skole;Harstad - Hárstták;*;*;*;;
Øyriket oppvekstsenter avd skole;Harstad - Hárstták;*;*;*;;
Andørja montessoriskole;Ibestad;*;*;*;;
Ibestad skole;Ibestad;*;*;*;;
Hansnes barne- og ungdomsskole;Karlsøy;*;*;*;;
Vannvåg oppvekstsenter avd skole;Karlsøy;*;*;*;;
Borkenes skole;Kvæfjord;54;48;48;;
Kvænangen barne- og ungdomsskole;Kvænangen;*;*;*;;
Lavangen skole;Loabák - Lavangen;45;*;46;;
Eidebakken skole;Lyngen;*;*;*;;
Lenangen skole;Lyngen;*;*;*;;
Bardufoss ungdomsskole;Målselv;48;47;47;;
Bjørkeng oppvekstsenter avd skole;Målselv;*;*;*;;
Sameskolen i Troms;Målselv;*;*;*;;
Øvergård montessoriskole;Målselv;*;*;*;;
Reisa montessoriskole;Nordreisa - Ráisa - Raisi;*;*;*;;
Storslett skole;Nordreisa - Ráisa - Raisi;51;47;50;;
Straumfjordnes skole;Nordreisa - Ráisa - Raisi;*;*;*;;
Salangen kommune Salangen skole;Salangen;45;47;42;;
Berg montessoriskole;Senja;*;*;*;;
Botnhamn skole grunnskole 1.-10.;Senja;*;*;*;;
Finnsnes ungdomsskole;Senja;51;50;49;;
Gibostad barne- og ungdomsskole;Senja;*;;;;
Gryllefjord skole;Senja;*;*;*;;
Husøy skole;Senja;*;*;*;;
Kårvik skole;Senja;*;*;*;;
Medby skole;Senja;*;*;*;;
Nordborg ungdomsskole;Senja;48;49;47;;
Rossfjord barne- og ungdomsskole;Senja;*;*;*;;
Senja montessoriskole;Senja;*;*;*;;
Senjahopen skole;Senja;*;*;*;;
Stonglandet skole;Senja;*;*;*;;
Vikstranda skole;Senja;*;*;*;;
Skjervøy ungdomsskole;Skjervøy;47;45;45;;
Hatteng skole;Storfjord - Omasvuotna - Omasvuono;47;44;40;;
Longyearbyen skole grunnskole;Svalbard;54;49;48;;
Sørreisa ungdomsskole;Sørreisa;47;48;48;;
Ekrehagen skole Adventistsamfunnets Grunnskoler;Tromsø;*;*;*;;
Grønnåsen skole;Tromsø;52;50;49;;
Hillesøyskolen Brensholmen skole;Tromsø;*;*;*;;
Kroken skole;Tromsø;51;48;49;;
Kvaløysletta skole;Tromsø;48;47;49;;
Lakselvbukt skole;Tromsø;*;*;*;;
Langnes skole;Tromsø;51;50;51;;
Norges Toppidrettsgymnas ungdomsskole Tromsø AS;Tromsø;55;55;56;;
Ramfjord skole;Tromsø;51;50;49;;
Sommerlyst skole;Tromsø;52;49;49;;
Steinerskolen i Tromsø Sti;Tromsø;*;*;*;;
Stiftelsen Tromsø International School;Tromsø;57;49;52;;
Storelva skole;Tromsø;50;50;47;;
Straumsbukta skole;Tromsø;*;*;*;;
Tromstun skole;Tromsø;50;49;48;;
Trondjord skole;Tromsø;*;*;*;;
Lauvsnes skole;Flatanger;45;44;43;;
Frosta skole;Frosta;52;49;51;;
Frøya ungdomsskole;Frøya;*;*;*;;
Mausund oppvekstsenter avd skole;Frøya;*;*;*;;
Grong barne- og ungdomsskole;Grong;48;48;47;;
Halsa barne- og ungdomsskole;Heim;44;44;50;;
Sodin skole;Heim;51;49;48;;
Fillan skole;Hitra;51;47;45;;
Holtålen kommune Hov skole;Holtålen;50;49;48;;
Høylandet barne- og ungdomsskole;Høylandet;50;49;48;;
Inderøy ungdomsskole;Inderøy;45;45;44;;
Mælan skole;Indre Fosen;*;*;*;;
Stadsbygd skole;Indre Fosen;*;*;*;;
Testmann Minne skole;Indre Fosen;49;46;46;;
Vanvikan skole;Indre Fosen;49;45;47;;
Åsly skole;Indre Fosen;48;48;50;;
Leka barne- og ungdomsskole;Leka;*;*;*;;
Levanger ungdomsskole;Levanger - Levangke;50;49;48;;
Skogn barne- og ungdomsskole;Levanger - Levangke;47;48;45;;
Vårtun Kristne oppvekstsenter SA;Levanger - Levangke;47;*;*;;
Ytterøy barne- og ungdomsskole;Levanger - Levangke;*;*;*;;
Åsen barne- og ungdomsskole;Levanger - Levangke;*;*;*;;
Lierne kommune - Stortangen skole;Lierne;*;*;*;;
Lierne kommune - Sørli skole;Lierne;*;*;*;;
Hommelvik ungdomsskole;Malvik;50;48;47;;
Vikhammer ungdomsskole;Malvik;50;48;47;;
Eid skole;Melhus;46;44;45;;
Gimse ungdomsskole;Melhus;47;47;45;;
Lundamo ungdomsskole;Melhus;46;45;46;;
Øya videregående skole;Melhus;49;47;48;;
Meråker skole;Meråker;48;45;45;;
Støren ungdomsskole;Midtre Gauldal;47;47;46;;
Bangsund skole;Namsos - Nåavmesjenjaelmie;47;42;43;;
Bjørkly skole;Namsos - Nåavmesjenjaelmie;*;*;*;;
Høknes ungdomsskole;Namsos - Nåavmesjenjaelmie;50;49;45;;
Jøa barne- og ungdomsskole;Namsos - Nåavmesjenjaelmie;*;*;*;;
Namdalseid skole;Namsos - Nåavmesjenjaelmie;*;*;*;;
Namsos ungdomsskole;Namsos - Nåavmesjenjaelmie;48;48;46;;
Otterøy oppvekstsenter avd skole;Namsos - Nåavmesjenjaelmie;48;48;42;;
Statland skole;Namsos - Nåavmesjenjaelmie;*;*;*;;
Namsskogan skole;Namsskogan;48;45;47;;
Austafjord skole;Nærøysund;*;44;36;;
Kolvereid skole;Nærøysund;48;*;*;;
Rørvik skole;Nærøysund;*;*;*;;
Val Skoler AS avd Vgs;Nærøysund;*;*;*;;
Oppdal ungdomsskole;Oppdal;*;*;*;;
Vollan skole;Oppdal;*;*;*;;
Grøtte skole;Orkland;46;47;42;;
Lensvik skole;Orkland;*;*;*;;
Løkken Verk montessoriskole SA;Orkland;*;*;*;;
Meldal barne- og ungdomsskole;Orkland;52;51;51;;
Orkanger ungdomsskole;Orkland;46;44;46;;
Aa skole;Orkland;*;*;*;;
Årlivoll skole;Orkland;47;43;45;;
Strand barne- og ungdomsskole;Osen;*;*;*;;
Overhalla barne- og ungdomsskole;Overhalla;*;*;*;;
Overhalla montessoriskole SA;Overhalla;*;*;*;;
Rennebu barne- og ungdomsskole;Rennebu;*;*;*;;
Voll skole AS;Rennebu;*;*;*;;
Rindal skole;Rindal;48;45;43;;
Røros skole;Røros - Rosse;49;48;46;;
Røyrvik oppvekstsenter Avdeling skole;Raarvihke - Røyrvik;*;*;*;;
Selbu ungdomsskole;Selbu;49;46;48;;
Skaun ungdomsskole;Skaun;47;45;45;;
Snåsa montessoriskole SA;Snåase - Snåsa;*;*;*;;
Snåsa skole;Snåase - Snåsa;*;*;*;;
Egge ungdomsskole;Steinkjer;*;*;*;;
Malm skole;Steinkjer;*;*;*;;
Steinkjer montessoriskole;Steinkjer;*;*;*;;
Steinkjer ungdomsskole;Steinkjer;48;46;44;;
Fagerhaug International School AS;Stjørdal;*;*;*;;
Fagerhaug Kristne skole SA;Stjørdal;*;*;*;;
Halsen ungdomsskole;Stjørdal;47;46;46;;
Hegra ungdomsskole;Stjørdal;44;46;42;;
Stokkan ungdomsskole;Stjørdal;49;48;47;;
Adventkirken skole Nidelven;Trondheim - Tråante;*;*;*;;
Birralee International School Trondheim AS avd skole;Trondheim - Tråante;58;50;56;;
Blussuvoll skole;Trondheim - Tråante;51;50;49;;
Charlottenlund ungdomsskole;Trondheim - Tråante;52;51;49;;
Dalgård skole og ressurssenter;Trondheim - Tråante;;;;;
Flatåsen skole;Trondheim - Tråante;52;49;50;;
Heimdal Friskole, Kristen grunnskole Heimdal;Trondheim - Tråante;*;*;*;;
Hoeggen skole;Trondheim - Tråante;51;47;48;;
Huseby barneskole - Ac Møller tegnspråksenter;Trondheim - Tråante;;;;;
Huseby ungdomsskole;Trondheim - Tråante;49;47;44;;
Klæbu ungdomsskole;Trondheim - Tråante;47;45;44;;
Lade skole;Trondheim - Tråante;53;51;51;;
Markaplassen skole;Trondheim - Tråante;52;48;49;;
Nidaros idrettsungdomsskole Sti;Trondheim - Tråante;50;49;48;;
Rosenborg skole;Trondheim - Tråante;53;51;51;;
Rosten skole;Trondheim - Tråante;49;48;47;;
Selsbakk skole;Trondheim - Tråante;50;50;49;;
Sjetne skole;Trondheim - Tråante;52;48;46;;
Spongdal skole;Trondheim - Tråante;49;46;49;;
Steinerskolen i Trondheim grunnskole;Trondheim - Tråante;49;51;46;;
Stiftelsen steinerskolen Rotvoll;Trondheim - Tråante;49;51;44;;
Stiftelsen Trondheim International School;Trondheim - Tråante;60;51;51;;
Stiftelsen Trondheim Kristne Grunnskole, tomasskolen;Trondheim - Tråante;53;*;55;;
Sunnland skole;Trondheim - Tråante;51;48;48;;
Sverresborg skole;Trondheim - Tråante;53;53;50;;
Tonstad skole;Trondheim - Tråante;49;48;46;;
Trondheim idrettsungdomsskole AS;Trondheim - Tråante;50;52;49;;
Ugla skole;Trondheim - Tråante;52;52;50;;
Åsheim ungdomsskole;Trondheim - Tråante;49;48;46;;
Tydal barne- og ungdomsskole;Tydal;*;*;*;;
Verdalsøra ungdomsskole;Verdal;48;48;45;;
Vuku barne- og ungdomsskole;Verdal;45;46;45;;
Botngård ungdomsskole;Ørland;50;49;46;;
Ørland ungdomsskole;Ørland;49;48;46;;
Brandsfjord barne- og ungdomsskole;Åfjord;43;44;44;;
Åset skole;Åfjord;55;50;46;;
Borgheim ungdomsskole;Færder;51;49;46;;
Steinerskolen i Vestfold;Færder;50;48;43;;
Teigar ungdomsskole;Færder;51;50;47;;
Tjøme ungdomsskole;Færder;51;48;46;;
Gjøklep ungdomsskole;Holmestrand;50;48;45;;
Hof skole;Holmestrand;51;50;49;;
Klokkerjordet skole;Holmestrand;47;47;48;;
Borre ungdomsskole;Horten;50;47;47;;
Holtan ungdomsskole;Horten;50;48;45;;
Orerønningen ungdomsskole;Horten;51;49;47;;
Brunla ungdomsskole;Larvik;51;49;47;;
Frøy skole;Larvik;;;;;
Hedrum ungdomsskole;Larvik;51;47;46;;
Kongshaugen Kristne grunnskole;Larvik;*;*;*;;
Kvelde skole;Larvik;48;47;45;;
Lardal skole;Larvik;*;*;*;;
Mellomhagen ungdomsskole;Larvik;51;49;47;;
Mesterfjellet skole;Larvik;49;44;44;;
Ra ungdomsskole;Larvik;51;48;48;;
Tjodalyng skole;Larvik;54;50;48;;
Andebu ungdomsskole;Sandefjord;49;49;47;;
Breidablikk ungdomsskole;Sandefjord;54;51;51;;
Bugården ungdomsskole;Sandefjord;51;49;48;;
Moe skole;Sandefjord;52;52;54;;
Mokollen skole;Sandefjord;51;47;*;;
Ranvik ungdomsskole;Sandefjord;50;48;48;;
Signo Grunn- og videregående skole AS;Sandefjord;;;;;
Skagerak International School Sti;Sandefjord;56;50;*;;
Stokke ungdomsskole;Sandefjord;51;50;47;;
Varden ungdomsskole;Sandefjord;53;51;51;;
Wang Ung Sandefjord AS;Sandefjord;54;55;53;;
Byskogen Kombinerte skole;Tønsberg;51;46;46;;
Elihu Kristne grunnskole;Tønsberg;*;52;49;;
Granly skole;Tønsberg;*;51;52;;
Kongseik ungdomsskole;Tønsberg;50;49;46;;
Presterød ungdomsskole;Tønsberg;48;48;49;;
Revetal ungdomsskole;Tønsberg;47;46;46;;
Ringshaug ungdomsskole;Tønsberg;52;50;50;;
Skagerak International School, Tønsberg AS;Tønsberg;58;*;*;;
Tønsberg Montessori skole Sti;Tønsberg;*;*;*;;
Vear skole;Tønsberg;49;44;44;;
Wang Tønsberg AS;Tønsberg;52;51;53;;
Danielsen ungdomsskule Frekhaug AS;Alver;50;52;51;;
Knarvik ungdomsskule;Alver;49;44;44;;
Lindås ungdomsskule;Alver;49;47;48;;
Meland ungdomsskule;Alver;48;47;49;;
Nordhordland Kristne grunnskole;Alver;51;47;52;;
Ostereidet ungdomsskule;Alver;53;49;49;;
Radøy ungdomsskule;Alver;48;45;44;;
Rossland skule;Alver;48;45;45;;
Askvoll skule;Askvoll;48;44;*;;
Bulandet skule;Askvoll;55;48;*;;
Gjelsvik skule;Askvoll;50;49;51;;
Erdal ungdomsskole;Askøy;48;47;47;;
Fauskanger barne- og ungdomsskule;Askøy;47;45;44;;
Kleppestø ungdomsskole;Askøy;50;49;48;;
Ravnanger ungdomsskole;Askøy;47;46;46;;
Aurland barne- og ungdomsskule;Aurland;50;47;49;;
Austevoll ungdomsskule;Austevoll;46;43;47;;
Årås skule;Austrheim;50;47;49;;
Bergen kompetansesenter for Læringsmiljø;Bergen;;;;;
Bergen Kristne grunnskole;Bergen;50;44;48;;
Bjørgvin montessoriskole;Bergen;*;52;*;;
Blokkhaugen skole;Bergen;51;49;48;;
Breimyra skole;Bergen;50;48;43;;
Foreningen Danielsen ungdomsskole Bergen;Bergen;53;52;53;;
Garnes ungdomsskule;Bergen;50;44;45;;
Gimle Oppveksttun skole;Bergen;53;50;51;;
Holen skole;Bergen;49;48;47;;
Hop Oppveksttun skole;Bergen;53;50;53;;
International School Of Bergen avd skole;Bergen;62;55;54;;
Kirkevoll skole;Bergen;52;49;51;;
Kjøkkelvik skole;Bergen;49;46;45;;
Kyrkjekrinsen skole;Bergen;50;47;44;;
Lynghaug skole;Bergen;52;50;48;;
Mjølkeråen skole;Bergen;51;50;48;;
Møllebakken skole;Bergen;*;*;*;;
Nattland skole;Bergen;54;53;51;;
Norges Toppidrettsgymnas ungdomsskole Bergen AS;Bergen;52;52;53;;
Ny Krohnborg skole;Bergen;49;45;44;;
Olsvik skole;Bergen;50;49;47;;
Ortun skole;Bergen;52;50;49;;
Rothaugen skole;Bergen;53;53;51;;
Rudolf steinerskolen i Bergen skolen;Bergen;49;50;47;;
Rå skole;Bergen;52;51;49;;
Rådalslien skole;Bergen;52;51;51;;
Sandgotna skole;Bergen;50;47;48;;
Skranevatnet skole;Bergen;51;51;51;;
Slåtthaug skole;Bergen;52;49;48;;
St Paul skole;Bergen;56;50;52;;
Steinerskolen på Skjold Helseped Avdeling;Bergen;;*;*;;
Stiftelsen Davinci montessoriskole;Bergen;48;49;49;;
Stiftelsen montessoriskolen i Bergen;Bergen;54;50;47;;
Stiftelsen steinerskolen på Skjold;Bergen;42;39;38;;
Storetveit skole;Bergen;54;51;50;;
Ytrebygda skole;Bergen;49;46;45;;
Åstveit skole;Bergen;52;48;51;;
Fusa ungdomsskule;Bjørnafjorden;50;45;47;;
Nore Neset ungdomsskule;Bjørnafjorden;49;46;47;;
Os ungdomsskule;Bjørnafjorden;49;48;48;;
Davik Oppvekst avd skule;Bremanger;56;55;56;;
Hauge Oppvekst avd skule;Bremanger;*;*;*;;
Svelgen Oppvekst avd skule;Bremanger;*;*;*;;
Bremnes ungdomsskule;Bømlo;50;47;47;;
Hillestveit skule;Bømlo;52;48;46;;
Moster skule;Bømlo;51;51;52;;
Lægreid skule;Eidfjord;*;*;*;;
Enge skule;Etne;50;48;49;;
Skånevik skule;Etne;43;45;48;;
Fedje skule;Fedje;*;*;*;;
Rimbareid barne- og ungdomsskule;Fitjar;49;49;49;;
Dingemoen skule;Fjaler;*;*;*;;
Våge skule;Fjaler;*;*;*;;
Gloppen ungdomsskule;Gloppen;*;*;*;;
Hyen skule;Gloppen;*;*;*;;
Brekke skule;Gulen;*;*;*;;
Byrknes skule;Gulen;;*;*;;
Dalsøyra skule;Gulen;*;*;*;;
Eivindvik skule;Gulen;*;*;*;;
Hyllestad skule;Hyllestad;*;*;*;;
Bjordal skule;Høyanger;*;*;*;;
Høyanger skule;Høyanger;55;52;50;;
Lavik skule;Høyanger;*;*;*;;
Eikefjord barne- og ungdomsskule;Kinn;50;48;45;;
Florø ungdomsskule;Kinn;48;45;46;;
Vågsøy ungdomsskule;Kinn;49;48;49;;
Foreninga Norheimsund friskule;Kvam;57;54;52;;
Kvam ungdomsskule;Kvam;*;*;*;;
Strandebarm skule;Kvam;*;*;*;;
Hatlestrand barne- og ungdomsskule;Kvinnherad;*;*;*;;
Husnes ungdomsskule;Kvinnherad;46;44;45;;
Rosendal ungdomsskule;Kvinnherad;48;*;*;;
Øyatun skule;Kvinnherad;*;*;*;;
Hafslo barne- og ungdomsskule;Luster;51;50;54;;
Luster ungdomsskule;Luster;50;51;50;;
Lærdalsøyri skule;Lærdal;51;47;53;;
Matre skule;Masfjorden;*;*;*;;
Nordbygda skule;Masfjorden;50;50;52;;
Sandnes skule;Masfjorden;*;*;*;;
Mo skule;Modalen;*;*;*;;
Danielsen ungdomsskule Osterøy AS;Osterøy;49;46;45;;
Osterøy ungdomsskule;Osterøy;47;46;45;;
Samnanger ungdomsskule;Samnanger;50;45;48;;
Kaupanger skule;Sogndal;50;50;50;;
Kvåle skule;Sogndal;50;50;54;;
Leikanger ungdomsskule;Sogndal;52;48;47;;
Sagatun skule avd skule;Sogndal;43;45;49;;
Solund skule;Solund;*;*;*;;
Eid ungdomsskule;Stad;50;*;*;;
Kjølsdalen montessoriskule SA;Stad;*;*;*;;
Selje skule;Stad;*;48;49;;
Stadlandet skule;Stad;*;*;*;;
Nordbygdo ungdomsskule;Stord;*;*;*;;
Nysæter ungdomsskule;Stord;*;*;*;;
Stord Kristne skule AS;Stord;*;*;*;;
Stord ungdomsskule;Stord;50;46;47;;
Olden skule;Stryn;49;46;51;;
Stryn ungdomsskule;Stryn;48;46;48;;
Førde ungdomsskule;Sunnfjord;50;48;51;;
Halbrend skule;Sunnfjord;50;48;50;;
Naustdal skule;Sunnfjord;48;44;46;;
Sande skule;Sunnfjord;51;50;50;;
Skei skule;Sunnfjord;*;45;46;;
Vassenden skule;Sunnfjord;48;*;*;;
Viksdalen skule;Sunnfjord;*;*;*;;
Sveio skule;Sveio;50;47;48;;
Tysnes skule;Tysnes;47;46;47;;
Hauso barne- og ungdomsskule;Ullensvang;*;*;*;;
Jondal skule;Ullensvang;51;51;50;;
Kinsarvik skule;Ullensvang;45;44;46;;
Odda ungdomsskole;Ullensvang;51;49;47;;
Røldal skule;Ullensvang;*;*;*;;
Brakanes barne- og ungdomsskule;Ulvik;*;*;*;;
Dale skule;Vaksdal;47;46;46;;
Feios skule;Vik;*;*;*;;
Flatbygdi skule;Vik;*;*;*;;
Granvin barne- og ungdomsskule;Voss;48;48;*;;
Voss ungdomsskule;Voss;47;43;*;;
Vossestrand barne- og ungdomsskule;Voss;51;49;53;;
Danielsen barne- og ungdomsskule Sotra;Øygarden;50;49;49;;
Fjell ungdomsskule;Øygarden;49;47;47;;
Sund ungdomsskule;Øygarden;48;46;46;;
Tranevågen ungdomsskule;Øygarden;50;49;48;;
Øygarden ungdomsskule;Øygarden;50;47;46;;
Farnes skule;Årdal;50;48;52;;
Tangen skule;Årdal;54;50;56;;
Aremark skole;Aremark;49;49;43;;
Begby barne- og ungdomsskole;Fredrikstad;53;50;48;;
Borge ungdomsskole;Fredrikstad;48;45;44;;
Childrens International School Fredrikstad AS;Fredrikstad;56;52;55;;
Cicignon skole;Fredrikstad;51;45;44;;
Gressvik ungdomsskole;Fredrikstad;51;49;46;;
Gudeberg barne- og ungdomsskole;Fredrikstad;53;49;51;;
Haugeåsen ungdomsskole;Fredrikstad;50;47;47;;
Kråkerøy ungdomsskole;Fredrikstad;49;48;47;;
Kvernhuset ungdomsskole;Fredrikstad;49;47;48;;
Steinerskolen i Fredrikstad;Fredrikstad;52;49;46;;
Vestbygda ungdomsskole;Fredrikstad;48;46;48;;
Wang Fredrikstad AS;Fredrikstad;49;52;51;;
Halden montessoriskole AS;Halden;*;*;*;;
Risum ungdomsskole;Halden;49;46;46;;
Rødsberg ungdomsskole;Halden;*;*;*;;
Strupe ungdomsskole;Halden;*;*;*;;
Hvaler barne- og ungdomsskole;Hvaler;51;51;46;;
Askim ungdomsskole;Indre Østfold;50;48;48;;
Knapstad barne- og ungdomsskole;Indre Østfold;*;*;*;;
Mysen ungdomsskole;Indre Østfold;49;47;46;;
Spydeberg ungdomsskole;Indre Østfold;50;49;46;;
Stiftelsen steinerskolen i Indre Østfold;Indre Østfold;*;*;*;;
Trøgstad ungdomsskole;Indre Østfold;*;*;*;;
Marker kommune - Marker skole;Marker;48;49;49;;
Buen barne- og ungdomsskole;Moss;49;47;*;;
Bytårnet skole;Moss;49;45;45;;
Children's International School Moss AS;Moss;59;51;51;;
Hoppern skole;Moss;52;50;46;;
Nøkkeland skole;Moss;50;49;45;;
Rygge ungdomsskole;Moss;50;48;47;;
Steinerskolen i Moss Grunnskole/Adm;Moss;47;48;43;;
Torderød skole Adventistkirkens grunnskole;Moss;55;48;*;;
Verket skole;Moss;51;46;46;;
Rakkestad ungdomsskole;Rakkestad;48;47;45;;
Råde kommune Råde ungdomsskole;Råde;49;49;46;;
Childrens International School Sarpsborg AS;Sarpsborg;*;*;*;;
Grålum ungdomsskole;Sarpsborg;49;47;48;;
Hafslund ungdomsskole;Sarpsborg;47;46;44;;
Kruseløkka ungdomsskole;Sarpsborg;49;47;45;;
Olavsborg Kristne skole;Sarpsborg;*;*;*;;
Sandbakken barne- og ungdomsskole;Sarpsborg;49;47;46;;
Tindlund ungdomsskole;Sarpsborg;51;48;48;;
Varteig barne- og ungdomsskole;Sarpsborg;48;46;45;;
Kirkelund skole;Skiptvet;47;48;51;;
Våler ungdomsskole;Våler (Østfold);47;48;47;;
